full_name,first_name,last_name,number
EdoardoCabibbo,Edoardo,Cabibbo,3716594494
MirkoMonte,Mirko,Monte,3345902033
VincenzoBosurgi,Vincenzo,Bosurgi,3513816744
EmilioBernardini,Emilio,Bernardini,3898595916
PaoloCutuli,Paolo,Cutuli,3807584987
StefanoCaracciolo,Stefano,Caracciolo,3518117078
GastoneCammarata,Gastone,Cammarata,3760979523
NicoSansoni,Nico,Sansoni,3408828584
ToniaCasaleggio,Tonia,Casaleggio,3519351747
UbaldoTarantini,Ubaldo,Tarantini,3715039960
SerafinaLeoncavallo,Serafina,Leoncavallo,3367121615
PaulinaBergoglio,Paulina,Bergoglio,3624365837
PieroPeranda,Piero,Peranda,3715204544
FiorinoPiazzi,Fiorino,Piazzi,3774450494
NinettaFalier,Ninetta,Falier,3313502623
ToniBenussi,Toni,Benussi,3360949039
OttavioColletti,Ottavio,Colletti,3485468650
ErnestoPincherle,Ernesto,Pincherle,3238056215
GrazianoSokolov,Graziano,Sokolov,3808849597
SaverioBruscantini,Saverio,Bruscantini,3364683368
UbaldoGrasso,Ubaldo,Grasso,3520471156
RuggeroZamorani,Ruggero,Zamorani,3515726910
FredoGagliano,Fredo,Gagliano,3488399075
MircoSonnino,Mirco,Sonnino,3739297004
ValerioCalvo,Valerio,Calvo,3514611187
VictoriaMichelangeli,Victoria,Michelangeli,3515699732
JolandaRaurica,Jolanda,Raurica,3533201269
DoloresSatriani,Dolores,Satriani,3500654356
ErnestoBarracco,Ernesto,Barracco,3514297012
AlessioManzoni,Alessio,Manzoni,3757678397
StefaniOssani,Stefani,Ossani,3400560073
BrunoGritti,Bruno,Gritti,3902682060
GiuliaRossi,Giulia,Rossi,3791382196
AzeglioFallaci,Azeglio,Fallaci,3550405857
NiccolòPorzio,Niccolò,Porzio,3519754667
SusannaPozzecco,Susanna,Pozzecco,3685877449
GloriaColletti,Gloria,Colletti,3311989687
BenvenutoRaimondi,Benvenuto,Raimondi,3495482863
GiuseppeCeravolo,Giuseppe,Ceravolo,3501977123
AnnunziataCatenazzi,Annunziata,Catenazzi,3249614888
MartaColletti,Marta,Colletti,3770018912
MaurilioPorzio,Maurilio,Porzio,3837888196
RolandoGori,Rolando,Gori,3714690161
EttaGreggio,Etta,Greggio,3823307824
PaoloGrasso,Paolo,Grasso,3612042508
LillaCuda,Lilla,Cuda,3510535683
GinoFantini,Gino,Fantini,3368176107
BereniceSommaruga,Berenice,Sommaruga,3516200419
DonatelloZanichelli,Donatello,Zanichelli,3780563627
GianpietroManzoni,Gianpietro,Manzoni,3776319560
BenedettoSmirnoff,Benedetto,Smirnoff,3505665788
ErmenegildoZacco,Ermenegildo,Zacco,3375905193
MarinaTartaglia,Marina,Tartaglia,3880562532
OttoneLuzi,Ottone,Luzi,3716994924
AlbertoNiscoromni,Alberto,Niscoromni,3776122272
TinaBodoni,Tina,Bodoni,3357097510
GiacobbeRespighi,Giacobbe,Respighi,3818532143
MicheleFinzi,Michele,Finzi,3534988162
FrancescoGaliazzo,Francesco,Galiazzo,3393128259
AdelasiaRomiti,Adelasia,Romiti,3701512498
MartaBruno,Marta,Bruno,3485898181
FabioOssola,Fabio,Ossola,3618024815
RaffaellinoAriasso,Raffaellino,Ariasso,3812677669
LolitaBaresi,Lolita,Baresi,3278071998
RuggieroMattarella,Ruggiero,Mattarella,3311515179
MattiaBossi,Mattia,Bossi,3512700007
AlbertoRiccardi,Alberto,Riccardi,3512417724
PierinaProdi,Pierina,Prodi,3364660506
UgolinoVirgilio,Ugolino,Virgilio,3824135033
DariaSpadafora,Daria,Spadafora,3445733121
PanfiloMagrassi,Panfilo,Magrassi,3501963428
CalcedonioFarnese,Calcedonio,Farnese,3778370462
FloraPerozzo,Flora,Perozzo,3897851509
DarioFerraris,Dario,Ferraris,3509167758
DomenicoPontecorvo,Domenico,Pontecorvo,3716468783
ArmandoMatteotti,Armando,Matteotti,3500579482
MirkoMercalli,Mirko,Mercalli,3201957157
GloriaMontalti,Gloria,Montalti,3755286041
FabioCamanni,Fabio,Camanni,3304661369
FrancescaBacosi,Francesca,Bacosi,3478937459
ErmesNovaro,Ermes,Novaro,3311159418
BaldassareMorucci,Baldassare,Morucci,3608214600
RosariaPasqua,Rosaria,Pasqua,3703742071
ArturoGentilini,Arturo,Gentilini,3774296721
GioacchinoCapuana,Gioacchino,Capuana,3770544738
RiccardoGarrone,Riccardo,Garrone,3501600785
GianluigiLeone,Gianluigi,Leone,3757592622
BenedettoBenigni,Benedetto,Benigni,3505011956
FrancescaScialpi,Francesca,Scialpi,3236254381
MichelettoPedersoli,Micheletto,Pedersoli,3304030474
EmilioDurante,Emilio,Durante,3666958814
GiovannaTagliafierro,Giovanna,Tagliafierro,3627377299
AugustoGianetti,Augusto,Gianetti,3512625661
AntoninoSokolov,Antonino,Sokolov,3517325365
BartolomeoDesio,Bartolomeo,Desio,3515637968
GelsominaBergoglio,Gelsomina,Bergoglio,3311410533
GrecoCivaschi,Greco,Civaschi,3517645656
LisaFerragamo,Lisa,Ferragamo,3509073025
VincenzaRubbia,Vincenza,Rubbia,3367299721
RominaFermi,Romina,Fermi,3505786561
CeciliaBarzini,Cecilia,Barzini,3511182297
AnnalisaPolesel,Annalisa,Polesel,3716595760
GaetanoSatta,Gaetano,Satta,3773424266
RomoloGalvani,Romolo,Galvani,3207586072
IsabellaTanzini,Isabella,Tanzini,3358530225
LandoModugno,Lando,Modugno,3533974355
SalvatoreGaluppi,Salvatore,Galuppi,3772296376
AdelmoPavanello,Adelmo,Pavanello,3776468503
MelaniaSerao,Melania,Serao,3915195160
MiloGiradello,Milo,Giradello,3228477490
RodolfoCeschi,Rodolfo,Ceschi,3335974305
CalcedonioGiannotti,Calcedonio,Giannotti,3510939082
MelinaBadoer,Melina,Badoer,3703737650
VittoriaBacosi,Vittoria,Bacosi,3710296607
GabrieleBignardi,Gabriele,Bignardi,3710807030
VictoriaGibilisco,Victoria,Gibilisco,3534190196
AriaGolino,Aria,Golino,3716801088
TeresaGianinazzi,Teresa,Gianinazzi,3791587717
ErmenegildoLamborghini,Ermenegildo,Lamborghini,3388463477
VittorioBabati,Vittorio,Babati,3311529105
AntoniaSauli,Antonia,Sauli,3934070285
RiccardoParri,Riccardo,Parri,3378747834
PieroMurri,Piero,Murri,3359929534
MarianoAntonacci,Mariano,Antonacci,3480270940
MiloFuseli,Milo,Fuseli,3756736726
AngelinaLuria,Angelina,Luria,3497562878
LinaCasalodi,Lina,Casalodi,3777135415
GirolamoRossini,Girolamo,Rossini,3496579251
PriscillaGramsci,Priscilla,Gramsci,3510968599
RaffaeleGagliardi,Raffaele,Gagliardi,3931495845
AntonellaLetta,Antonella,Letta,3501619113
GiacintoValguarnera,Giacinto,Valguarnera,3473706746
GiuseppinaCheda,Giuseppina,Cheda,3780576351
FiorenzoSermonti,Fiorenzo,Sermonti,3783967375
SilviaUdinese,Silvia,Udinese,3452175941
RomanaLamborghini,Romana,Lamborghini,3388915945
FredoStucchi,Fredo,Stucchi,3395069149
GianmarcoBarillaro,Gianmarco,Barillaro,3756850160
ErmannoDossi,Ermanno,Dossi,3857847527
RonaldoFaugno,Ronaldo,Faugno,3896622009
CristinaInfantino,Cristina,Infantino,3609103278
AlphonsBignardi,Alphons,Bignardi,3774483862
PellegrinoFoscari,Pellegrino,Foscari,3514801709
AlphonsAnichini,Alphons,Anichini,3730414796
VictoriaBrancaccio,Victoria,Brancaccio,3711190257
NadiaBorgia,Nadia,Borgia,3710082615
GiorgioAporti,Giorgio,Aporti,3770441717
LisaMuti,Lisa,Muti,3780500331
BartolomeoRosiello,Bartolomeo,Rosiello,3732090606
MauroVersace,Mauro,Versace,3438028077
AlphonsLuciani,Alphons,Luciani,3403120725
ColuccioSantoro,Coluccio,Santoro,3760656396
OttavioSerao,Ottavio,Serao,3908883591
CamillaCignaroli,Camilla,Cignaroli,3553694590
AmicoCasagrande,Amico,Casagrande,3852310652
NicolettaTaliercio,Nicoletta,Taliercio,3534758256
MichelangeloCaruso,Michelangelo,Caruso,3974264211
PaulinaAbbagnale,Paulina,Abbagnale,3512087090
DomenicoFolliero,Domenico,Folliero,3310737478
PierluigiBorromini,Pierluigi,Borromini,3275661834
MariaVecoli,Maria,Vecoli,3426207439
MarissaMazzocchi,Marissa,Mazzocchi,3293898029
LeonardoMonduzzi,Leonardo,Monduzzi,3501548163
RobertoTognazzi,Roberto,Tognazzi,3374195945
AldoBombieri,Aldo,Bombieri,3838423363
AnnibaleVillarosa,Annibale,Villarosa,3472272792
ToniaMontanari,Tonia,Montanari,3884369346
StefanoMantegazza,Stefano,Mantegazza,3780168985
IppazioGuidone,Ippazio,Guidone,3710695372
AmicoToselli,Amico,Toselli,3311432176
AdrianoAbatantuono,Adriano,Abatantuono,3776304080
PierinaSansoni,Pierina,Sansoni,3516167000
AntoninoMoneta,Antonino,Moneta,3938409715
RosarioLanfranchi,Rosario,Lanfranchi,3793332600
SophiaPinamonte,Sophia,Pinamonte,3755584983
LaureanoSchiaparelli,Laureano,Schiaparelli,3239082508
PierangeloCaffarelli,Pierangelo,Caffarelli,3716475340
LauraTasca,Laura,Tasca,3791863922
ToniScalfaro,Toni,Scalfaro,3899205452
EleanoraSmirnoff,Eleanora,Smirnoff,3446575109
ValeriaTarchetti,Valeria,Tarchetti,3857244486
MassimilianoGargallo,Massimiliano,Gargallo,3615245840
CamillaCaccianemico,Camilla,Caccianemico,3297684667
PierangeloVarano,Pierangelo,Varano,3501853868
GaetanoAjello,Gaetano,Ajello,3756647451
PatriziaFischetti,Patrizia,Fischetti,3631444265
RuggieroTedesco,Ruggiero,Tedesco,3756784813
OrnellaAbate,Ornella,Abate,3357074700
OrlandoBosio,Orlando,Bosio,3364286028
AngeloDellucci,Angelo,Dellucci,3520155898
LucreziaMarini,Lucrezia,Marini,3519521903
SoniaMazzacurati,Sonia,Mazzacurati,3301489209
NinettaBorromini,Ninetta,Borromini,3732223664
GianpaoloPascarella,Gianpaolo,Pascarella,3398151217
RitaZaguri,Rita,Zaguri,3224053840
LidiaMoneta,Lidia,Moneta,3600171014
LiciaRenault,Licia,Renault,3420854927
RembrandtVolterra,Rembrandt,Volterra,3517718901
LisaBerrè,Lisa,Berrè,3505685294
AntoninaCasadei,Antonina,Casadei,3780733404
GionataZamorani,Gionata,Zamorani,3972856326
GemmaCuzzocrea,Gemma,Cuzzocrea,3735056027
ArnaldoNicolini,Arnaldo,Nicolini,3434452046
DariaVenturi,Daria,Venturi,3638126174
MassimoTorricelli,Massimo,Torricelli,3933106901
FabioAgnesi,Fabio,Agnesi,3342056927
LianaVerdi,Liana,Verdi,3938059867
StefaniaTravia,Stefania,Travia,3516429380
LambertoRuggieri,Lamberto,Ruggieri,3510758718
FiorenzoZanazzo,Fiorenzo,Zanazzo,3703351452
TizianoMattarella,Tiziano,Mattarella,3793920312
VittorioCapuana,Vittorio,Capuana,3793407883
CoriolanoMarino,Coriolano,Marino,3276393542
PuccioSagredo,Puccio,Sagredo,3206377955
VincenzoBarcaccia,Vincenzo,Barcaccia,3839744168
RaimondoPacomio,Raimondo,Pacomio,3755922811
ArnulfoGentilini,Arnulfo,Gentilini,3347760784
TatianaPacillo,Tatiana,Pacillo,3853182912
EraldoBarberini,Eraldo,Barberini,3773394570
DionigiMarangoni,Dionigi,Marangoni,3472718723
FortunataPetralli,Fortunata,Petralli,3534869444
ElviraVanvitelli,Elvira,Vanvitelli,3319645922
MarisaChiaramonte,Marisa,Chiaramonte,3510153173
StefaniArgan,Stefani,Argan,3431317400
JacopoFerrante,Jacopo,Ferrante,3244395841
LucaGelli,Luca,Gelli,3534589501
LianaVendetti,Liana,Vendetti,3438470128
OttoneGottardi,Ottone,Gottardi,3243651036
LaurettaAriasso,Lauretta,Ariasso,3710919244
TelemacoCabibbo,Telemaco,Cabibbo,3736036532
ArsenioOrengo,Arsenio,Orengo,3783277159
EttoreCaetani,Ettore,Caetani,3287689454
GirolamoDurante,Girolamo,Durante,3501126057
SilvioSavorgnan,Silvio,Savorgnan,3686211958
FlavioCannizzaro,Flavio,Cannizzaro,3334488428
MaurilioTrobbiani,Maurilio,Trobbiani,3511750850
GuidoFerragamo,Guido,Ferragamo,3227059650
PasqualTrentin,Pasqual,Trentin,3518335611
AnnibaleGaribaldi,Annibale,Garibaldi,3755175497
ElmoFerrabosco,Elmo,Ferrabosco,3912181197
RominaRomano,Romina,Romano,3778253021
CoriolanoBinaghi,Coriolano,Binaghi,3284407073
ArnulfoAndreotti,Arnulfo,Andreotti,3391612879
SabatinoFranceschi,Sabatino,Franceschi,3428076194
VenancioAnguissola,Venancio,Anguissola,3366164642
SoleValentino,Sole,Valentino,3854202447
UgoOssani,Ugo,Ossani,3685396470
VittorioFermi,Vittorio,Fermi,3520016705
AmadeoCombi,Amadeo,Combi,3332124606
GianlucaVisintini,Gianluca,Visintini,3884934977
VenancioBattaglia,Venancio,Battaglia,3510250740
OsvaldoSavorgnan,Osvaldo,Savorgnan,3802757611
PalomaScarlatti,Paloma,Scarlatti,3533365834
ToniaMonti,Tonia,Monti,3552309108
EraldoRenault,Eraldo,Renault,3510189563
FilippoTremonti,Filippo,Tremonti,3361865467
DanteFerrata,Dante,Ferrata,3755465396
AtenulfAbatantuono,Atenulf,Abatantuono,3713547793
DinaBenussi,Dina,Benussi,3452090950
ArnaldoPiccinni,Arnaldo,Piccinni,3475845921
GioachinoMarrone,Gioachino,Marrone,3440770466
AnnalisaGianetti,Annalisa,Gianetti,3935333166
FedericaMiniati,Federica,Miniati,3715114417
GioeleMaccanelli,Gioele,Maccanelli,3713100169
GrazianoVigorelli,Graziano,Vigorelli,3888903181
FortunataNicolini,Fortunata,Nicolini,3519937708
GastoneCilea,Gastone,Cilea,3228997424
LorettaDeledda,Loretta,Deledda,3854390432
FlavioSforza,Flavio,Sforza,3505155858
AnnalisaRienzo,Annalisa,Rienzo,3713416106
OrlandoSpinelli,Orlando,Spinelli,3780900318
SantinoPareto,Santino,Pareto,3423800775
BenedettoTropea,Benedetto,Tropea,3822634862
AzeglioCollodi,Azeglio,Collodi,3714250543
GiuseppinaMortati,Giuseppina,Mortati,3757872458
GilbertoFrescobaldi,Gilberto,Frescobaldi,3770530739
SoniaRusso,Sonia,Russo,3306491253
BenitoGiunti,Benito,Giunti,3484490325
MarcellaBacosi,Marcella,Bacosi,3380185102
AgostinoSauli,Agostino,Sauli,3206544535
IolandaAmato,Iolanda,Amato,3513739060
LodovicoComolli,Lodovico,Comolli,3919994216
NinoPirandello,Nino,Pirandello,3415032547
CeciliaGianinazzi,Cecilia,Gianinazzi,3899294071
LinaRoero,Lina,Roero,3756991235
FedeleMalaparte,Fedele,Malaparte,3293540333
TizianaPaganini,Tiziana,Paganini,3777200549
GilbertoRenier,Gilberto,Renier,3487988841
GemmaGianinazzi,Gemma,Gianinazzi,3533620069
LinaSonnino,Lina,Sonnino,3500444748
CarloCorradi,Carlo,Corradi,3505769529
GiannaBeccaria,Gianna,Beccaria,3715881104
BereniceVersace,Berenice,Versace,3550887623
SimonePuglisi,Simone,Puglisi,3915460293
HugoGigli,Hugo,Gigli,3496591885
SabatinoVenier,Sabatino,Venier,3439045964
MonicaBeccheria,Monica,Beccheria,3292050211
LucianaSilvestri,Luciana,Silvestri,3283785820
PatriziaBertoni,Patrizia,Bertoni,3825877848
BiancaMonti,Bianca,Monti,3236886943
PomponioBarozzi,Pomponio,Barozzi,3533627473
FrancescaFogazzaro,Francesca,Fogazzaro,3440305508
LuigiCammarata,Luigi,Cammarata,3793232021
FortunataVolta,Fortunata,Volta,3471131277
LuchinoVersace,Luchino,Versace,3361952532
GianfrancescoPozzecco,Gianfrancesco,Pozzecco,3667654673
AntoniaScamarcio,Antonia,Scamarcio,3755119166
BiagioAlighieri,Biagio,Alighieri,3318224774
DonatelloCimarosa,Donatello,Cimarosa,3293673220
GiorgioVerdi,Giorgio,Verdi,3714453773
RaffaelloBabati,Raffaello,Babati,3605905645
VictoriaLopresti,Victoria,Lopresti,3757201138
SaverioTolentino,Saverio,Tolentino,3353811455
PiergiorgioVeltroni,Piergiorgio,Veltroni,3793704155
GuidoTurati,Guido,Turati,3714838100
RoccoCarullo,Rocco,Carullo,3381254180
GastoneTravaglia,Gastone,Travaglia,3737738751
EnzoDelle,Enzo,Delle,3514306458
FabiaTorricelli,Fabia,Torricelli,3249771731
LodovicoPisacane,Lodovico,Pisacane,3807717766
RominaBandello,Romina,Bandello,3783430498
IvanAdinolfi,Ivan,Adinolfi,3833993674
RenzoBataglia,Renzo,Bataglia,3373018943
MarinaAldobrandi,Marina,Aldobrandi,3220976338
PompeoBataglia,Pompeo,Bataglia,3534578428
CoriolanoMarrone,Coriolano,Marrone,3516535558
AlbertoGiacometti,Alberto,Giacometti,3912811715
PellegrinoParpinel,Pellegrino,Parpinel,3230250213
ElianaGrassi,Eliana,Grassi,3777370601
AmletoZamorani,Amleto,Zamorani,3397330170
AzeglioSerraglio,Azeglio,Serraglio,3534537581
ArturoLercari,Arturo,Lercari,3929002318
RosaliaValguarnera,Rosalia,Valguarnera,3779468781
NicolòAntonello,Nicolò,Antonello,3226037966
MassimilianoArgento,Massimiliano,Argento,3512744657
CesareBellò,Cesare,Bellò,3505392452
AngelicaSinisi,Angelica,Sinisi,3285201542
HugoFranceschi,Hugo,Franceschi,3517627003
PiersantiInfantino,Piersanti,Infantino,3439036305
SusannaNonis,Susanna,Nonis,3713219299
VenancioSgalambro,Venancio,Sgalambro,3755411110
EttoreCadorna,Ettore,Cadorna,3368339963
PomponioMorellato,Pomponio,Morellato,3755238321
SimonettaBondumier,Simonetta,Bondumier,3274894848
GelsominaMoccia,Gelsomina,Moccia,3701459978
MicheleCutrufo,Michele,Cutrufo,3805704844
TizianaMonicelli,Tiziana,Monicelli,3517766135
MartinaCaracciolo,Martina,Caracciolo,3783373085
BernardoFattori,Bernardo,Fattori,3389367628
FedeleCaetani,Fedele,Caetani,3500994763
FernandaChiaramonte,Fernanda,Chiaramonte,3779212271
MattiaGabrieli,Mattia,Gabrieli,3792987243
RolandoPolesel,Rolando,Polesel,3756272704
PiergiuseppeGadda,Piergiuseppe,Gadda,3783594729
AgnoloFischetti,Agnolo,Fischetti,3472774606
GiacomoGoldstein,Giacomo,Goldstein,3554236075
HugoBiagi,Hugo,Biagi,3711854614
GianfrancoVivaldi,Gianfranco,Vivaldi,3901169230
SalviPratesi,Salvi,Pratesi,3309651238
SabatinoAmato,Sabatino,Amato,3937747312
IdaDonà,Ida,Donà,3757796416
GuidoFischetti,Guido,Fischetti,3533340292
CassandraDallara,Cassandra,Dallara,3444168914
FiammaFavata,Fiamma,Favata,3737050849
BiagioSerraglio,Biagio,Serraglio,3908464960
MartinoChindamo,Martino,Chindamo,3667072319
FedeleGiannotti,Fedele,Giannotti,3351837521
NicoTarantini,Nico,Tarantini,3897107253
LisaScarpetta,Lisa,Scarpetta,3602401154
PierBaroffio,Pier,Baroffio,3305656670
JolandaDalla,Jolanda,Dalla,3307791650
RuggieroCasellati,Ruggiero,Casellati,3756413374
FrancescoCappelli,Francesco,Cappelli,3435342362
PierluigiAnichini,Pierluigi,Anichini,3430032005
CiprianoPacelli,Cipriano,Pacelli,3756079870
AnitaFantoni,Anita,Fantoni,3313795594
AdamoPisacane,Adamo,Pisacane,3923910914
ArsenioLucchesi,Arsenio,Lucchesi,3358473096
VincentioRenzi,Vincentio,Renzi,3619796619
SeverinoCabrini,Severino,Cabrini,3972653129
DianaMarconi,Diana,Marconi,3514353133
GirolamoMetella,Girolamo,Metella,3665841655
RenzoTartaglia,Renzo,Tartaglia,3222357355
BartolomeoBoito,Bartolomeo,Boito,3505500665
SilvioBernetti,Silvio,Bernetti,3284334297
EdoardoVisintini,Edoardo,Visintini,3792824886
TullioMaderno,Tullio,Maderno,3715261950
RaimondoMoretti,Raimondo,Moretti,3467944159
FlaviaTarantino,Flavia,Tarantino,3495637721
ErnestoVenier,Ernesto,Venier,3415562576
UmbertoSolari,Umberto,Solari,3880788853
IolandaFarnese,Iolanda,Farnese,3291153514
AnnibaleGadda,Annibale,Gadda,3311409212
RaimondoVerri,Raimondo,Verri,3417360319
MauroGemito,Mauro,Gemito,3358982831
FerdinandoDonini,Ferdinando,Donini,3760537855
RaffaellaSanguineti,Raffaella,Sanguineti,3247845642
SilviaGritti,Silvia,Gritti,3772867078
AnnibaleTornatore,Annibale,Tornatore,3853783593
AugustoLiverotti,Augusto,Liverotti,3791628263
AnnettaBocca,Annetta,Bocca,3505490878
PieroLeopardi,Piero,Leopardi,3903065952
IgnazioVeneziano,Ignazio,Veneziano,3558349840
VincentioSpinola,Vincentio,Spinola,3292936094
EmilioBosio,Emilio,Bosio,3298113026
MarianaAlmagià,Mariana,Almagià,3660257653
RominaCastioni,Romina,Castioni,3756761603
UbertoCianciolo,Uberto,Cianciolo,3500543341
RomeoMarazzi,Romeo,Marazzi,3774316305
ClaudioCapone,Claudio,Capone,3791289855
SergiusGaiatto,Sergius,Gaiatto,3777992576
VittorioAngiolello,Vittorio,Angiolello,3240622654
ErnestoVendetti,Ernesto,Vendetti,3663353552
OttoneVarano,Ottone,Varano,3757446082
PiergiuseppeTrobbiani,Piergiuseppe,Trobbiani,3498803823
DaniloMimun,Danilo,Mimun,3732540636
MichelottoGiannetti,Michelotto,Giannetti,3776791436
CarloDruso,Carlo,Druso,3778382224
DomenicoNitto,Domenico,Nitto,3510882475
DonatoCanil,Donato,Canil,3662507634
SergiusTasca,Sergius,Tasca,3834949242
TizianoFederico,Tiziano,Federico,3777931341
ClaudioTaliercio,Claudio,Taliercio,3534204885
ToniaGullotta,Tonia,Gullotta,3303432071
SilviaCocci,Silvia,Cocci,3500741534
FlavioPalombi,Flavio,Palombi,3511864772
NicoArgan,Nico,Argan,3934564437
IolandaFerragamo,Iolanda,Ferragamo,3791205793
LillaCaetani,Lilla,Caetani,3421956717
GinoCastiglione,Gino,Castiglione,3492728794
AmandaTozzi,Amanda,Tozzi,3714377201
AmadeoStoppani,Amadeo,Stoppani,3292663993
PiergiuseppeMalatesta,Piergiuseppe,Malatesta,3516034245
DarioBriccialdi,Dario,Briccialdi,3387388336
LillaAlbertini,Lilla,Albertini,3501992314
CalogeroCiani,Calogero,Ciani,3500928990
FrancoSalvemini,Franco,Salvemini,3773876312
LucioTarchetti,Lucio,Tarchetti,3352295704
AgostinoLombardo,Agostino,Lombardo,3918981936
MauraTresoldi,Maura,Tresoldi,3505438826
AdamoTrobbiani,Adamo,Trobbiani,3472561941
IvoFallaci,Ivo,Fallaci,3208519320
FulvioAporti,Fulvio,Aporti,3509677530
FedericaBenussi,Federica,Benussi,3519553933
GioffreSobrero,Gioffre,Sobrero,3779282072
AntoninoRicolfi,Antonino,Ricolfi,3501759031
BiagioTrapani,Biagio,Trapani,3512965991
LuchinoCesaroni,Luchino,Cesaroni,3372596013
PierangeloSauro,Pierangelo,Sauro,3500596577
LoredanaCeschi,Loredana,Ceschi,3701065296
FortunataBerengario,Fortunata,Berengario,3372778334
FabioLoredan,Fabio,Loredan,3278251248
AchilleRoth,Achille,Roth,3711131262
RossanaAjello,Rossana,Ajello,3311479294
GaspareCastiglione,Gaspare,Castiglione,3716341323
MercedesMozart,Mercedes,Mozart,3713969196
LudovicaSpallanzani,Ludovica,Spallanzani,3515507526
BrunoTravia,Bruno,Travia,3311472321
BenitoMercati,Benito,Mercati,3241855333
LianaBergoglio,Liana,Bergoglio,3353194923
LiviaTamburi,Livia,Tamburi,3687183789
SilvioTraetta,Silvio,Traetta,3770424892
BaldassarePaganini,Baldassare,Paganini,3711770773
ColuccioIadanza,Coluccio,Iadanza,3780921044
PuccioMunari,Puccio,Munari,3917243005
GrazianoCostanzi,Graziano,Costanzi,3884192843
RosariaVitturi,Rosaria,Vitturi,3971447562
UbertoBartoli,Uberto,Bartoli,3236948071
PomponioFilippini,Pomponio,Filippini,3533077580
FiorinoCuratoli,Fiorino,Curatoli,3291936679
UgolinoEmanuelli,Ugolino,Emanuelli,3283295213
SimonettaBorromini,Simonetta,Borromini,3919211457
LuigiGrisoni,Luigi,Grisoni,3770709417
DaniloCarriera,Danilo,Carriera,3284483177
LiciaChindamo,Licia,Chindamo,3510439480
BernardoBaroffio,Bernardo,Baroffio,3760443176
IolandaDovara,Iolanda,Dovara,3686860179
RosaMarenzio,Rosa,Marenzio,3701865589
CassandraVerga,Cassandra,Verga,3246971044
RaffaellaAbate,Raffaella,Abate,3447948483
CarloZacco,Carlo,Zacco,3909399636
MelinaModugno,Melina,Modugno,3501004005
BaldassareManolesso,Baldassare,Manolesso,3392573386
CalcedonioGolgi,Calcedonio,Golgi,3611533094
MarianoPaolucci,Mariano,Paolucci,3685522474
RosinaCheda,Rosina,Cheda,3371132167
RiccardoNiggli,Riccardo,Niggli,3625779003
DoloresStradivari,Dolores,Stradivari,3393543588
TizianaPaolini,Tiziana,Paolini,3772659062
GeronimoPiane,Geronimo,Piane,3553321027
EdoardoCamiscione,Edoardo,Camiscione,3783942518
MirkoAltera,Mirko,Altera,3516651799
ColuccioBonolis,Coluccio,Bonolis,3333355914
GiacomoVenturi,Giacomo,Venturi,3435037864
GiorgiaCardano,Giorgia,Cardano,3489205994
RossanaCastelli,Rossana,Castelli,3777641081
UgolinoGiannuzzi,Ugolino,Giannuzzi,3311924005
MartinoNicoletti,Martino,Nicoletti,3533225084
LandoMarangoni,Lando,Marangoni,3479585868
GianluigiAgostini,Gianluigi,Agostini,3830771832
BenvenutoArmani,Benvenuto,Armani,3342027511
MariaSurian,Maria,Surian,3791269060
LianaSchicchi,Liana,Schicchi,3770976984
FrancescoAldobrandi,Francesco,Aldobrandi,3760420315
AlbertoScarponi,Alberto,Scarponi,3509370016
GrecoRossellini,Greco,Rossellini,3770533588
MorenaSerao,Morena,Serao,3288920399
LeopoldoBriccialdi,Leopoldo,Briccialdi,3703423962
AlessioFornaciari,Alessio,Fornaciari,3517992521
TeresaCarullo,Teresa,Carullo,3518058151
SerenaSbarbaro,Serena,Sbarbaro,3370512945
RuggeroModugno,Ruggero,Modugno,3739217535
GoffredoMorlacchi,Goffredo,Morlacchi,3285515107
MatteoCaruso,Matteo,Caruso,3887502536
RomanBorzomì,Roman,Borzomì,3372617110
RosaConti,Rosa,Conti,3400112498
EugeniaErrigo,Eugenia,Errigo,3735838864
GemmaNavarria,Gemma,Navarria,3284829602
MartinoSibilia,Martino,Sibilia,3773032706
FedericoAntonacci,Federico,Antonacci,3344778261
SandraGuidotti,Sandra,Guidotti,3334461288
BiagioPirelli,Biagio,Pirelli,3805616707
AlbertoMarzorati,Alberto,Marzorati,3272096922
PinaMarenzio,Pina,Marenzio,3446537819
VittorioBabbo,Vittorio,Babbo,3620157388
ValentinaNecci,Valentina,Necci,3928076270
OrlandoBoccioni,Orlando,Boccioni,3756525103
LeonardoSaffi,Leonardo,Saffi,3792432094
LazzaroBruscantini,Lazzaro,Bruscantini,3505709407
UmbertoGabba,Umberto,Gabba,3392010033
MargheritaPausini,Margherita,Pausini,3510178791
SebastianoMilanesi,Sebastiano,Milanesi,3316117186
AntoninoGozzano,Antonino,Gozzano,3716633983
FabriziaGaiatto,Fabrizia,Gaiatto,3279731391
MilenaBenedetti,Milena,Benedetti,3463729805
SilviaChiaramonte,Silvia,Chiaramonte,3791574640
TullioTamburi,Tullio,Tamburi,3701171318
VincenzoLombroso,Vincenzo,Lombroso,3533703578
AlessiaOliboni,Alessia,Oliboni,3772802020
EugeniaCattaneo,Eugenia,Cattaneo,3714287902
LeonardoCusano,Leonardo,Cusano,3703697059
LodovicoMastandrea,Lodovico,Mastandrea,3730935770
AntonioAriosto,Antonio,Ariosto,3510240661
LorettaEmo,Loretta,Emo,3510680251
VanessaNovaro,Vanessa,Novaro,3512641538
GeronimoCaffarelli,Geronimo,Caffarelli,3776291254
SerafinaMalatesta,Serafina,Malatesta,3512527440
MilenaPolesel,Milena,Polesel,3514685272
VictoriaCapuana,Victoria,Capuana,3776316903
GilbertoPalombi,Gilberto,Palombi,3919719755
GalassoCaccianemico,Galasso,Caccianemico,3738734246
CarmeloTamburello,Carmelo,Tamburello,3715680249
GermanaCalvo,Germana,Calvo,3512477276
MarinaCombi,Marina,Combi,3935569749
FulvioZola,Fulvio,Zola,3294949958
RominaCasagrande,Romina,Casagrande,3780238637
PiersantiMedici,Piersanti,Medici,3247193800
PriscillaFibonacci,Priscilla,Fibonacci,3430310785
MicheleFranzese,Michele,Franzese,3514033319
MelinaSanudo,Melina,Sanudo,3737467358
DoloresZampa,Dolores,Zampa,3934280144
RobertoPorcellato,Roberto,Porcellato,3514329209
RossanaZola,Rossana,Zola,3773085258
AngeloCapone,Angelo,Capone,3343698137
PriscillaTozzi,Priscilla,Tozzi,3422081502
RomeoSatriani,Romeo,Satriani,3770595035
EmilioSpallanzani,Emilio,Spallanzani,3520763492
SerenaOttino,Serena,Ottino,3248061684
EvangelistaDonatoni,Evangelista,Donatoni,3756536476
EmilioPapetti,Emilio,Papetti,3777204977
MarioDraghi,Mario,Draghi,3334936138
MassimoRuffini,Massimo,Ruffini,3773408491
DariaBonaventura,Daria,Bonaventura,3510542303
RonaldoEco,Ronaldo,Eco,3510894809
EzioCutuli,Ezio,Cutuli,3317887374
AllegraDelle,Allegra,Delle,3497138014
PatrizioTrezzini,Patrizio,Trezzini,3505190512
GioacchinoSerao,Gioacchino,Serao,3886896755
LorettaLoredan,Loretta,Loredan,3514508773
ToniSalandra,Toni,Salandra,3505266343
AriaLegnante,Aria,Legnante,3793978936
MirkoTacchini,Mirko,Tacchini,3777263928
ElviraTrotta,Elvira,Trotta,3533960602
ArmandoSokolov,Armando,Sokolov,3756119976
MarcantonioBevilacqua,Marcantonio,Bevilacqua,3500473064
EvangelistaGaribaldi,Evangelista,Garibaldi,3505901826
GianpaoloCurci,Gianpaolo,Curci,3520558137
BarbaraMiniati,Barbara,Miniati,3307454562
FrancescoSolari,Francesco,Solari,3811351746
ParidePalladio,Paride,Palladio,3338187803
MartinaCastioni,Martina,Castioni,3520009158
TeresaVenier,Teresa,Venier,3755570137
LetiziaTaccola,Letizia,Taccola,3713475356
RitaPadovano,Rita,Padovano,3203172170
DuranteBasadonna,Durante,Basadonna,3733423371
UmbertoNatta,Umberto,Natta,3778706119
FerdinandoAldobrandi,Ferdinando,Aldobrandi,3701311947
SimonettaLuzi,Simonetta,Luzi,3711770853
GraziellaTasso,Graziella,Tasso,3613781977
LinaLerner,Lina,Lerner,3319660530
LucioSalvini,Lucio,Salvini,3513293711
NeddaMazzeo,Nedda,Mazzeo,3311583437
SandraSmirnoff,Sandra,Smirnoff,3491335890
GiovannaMantegazza,Giovanna,Mantegazza,3897500723
ElianaCrespi,Eliana,Crespi,3710861700
GirolamoBoaga,Girolamo,Boaga,3616371564
AdelmoRomagnoli,Adelmo,Romagnoli,3273758330
GabriellaPuglisi,Gabriella,Puglisi,3760397450
AlfredoColletti,Alfredo,Colletti,3509912164
CamillaTarchetti,Camilla,Tarchetti,3911376818
DelfinoAbate,Delfino,Abate,3358385652
EugeniaTebaldi,Eugenia,Tebaldi,3330238204
EnzoNitti,Enzo,Nitti,3773134128
TemistocleToso,Temistocle,Toso,3792063616
AmletoDalla,Amleto,Dalla,3242082716
CleliaVirgilio,Clelia,Virgilio,3770671714
TizianaCiampi,Tiziana,Ciampi,3911431642
FerdinandoMorucci,Ferdinando,Morucci,3773411968
FulvioGiannelli,Fulvio,Giannelli,3918126468
VincenzaBalbi,Vincenza,Balbi,3432466467
PaulinaMichelangeli,Paulina,Michelangeli,3774145748
LivioValier,Livio,Valier,3714595459
DariaBurcardo,Daria,Burcardo,3245755569
AntoniettaTresoldi,Antonietta,Tresoldi,3500342408
PieroVezzali,Piero,Vezzali,3826542169
LambertoCarli,Lamberto,Carli,3778842400
GabrielePetruzzi,Gabriele,Petruzzi,3290097447
LauraDruso,Laura,Druso,3791072829
GioffreAriosto,Gioffre,Ariosto,3791716170
SantinoPagnotto,Santino,Pagnotto,3517632796
EvangelistaTedesco,Evangelista,Tedesco,3730600658
OttavioCollina,Ottavio,Collina,3511650296
NeddaBevilacqua,Nedda,Bevilacqua,3425260097
AdamoBabbo,Adamo,Babbo,3660496328
GeronimoComeriato,Geronimo,Comeriato,3501550490
AlessiaBompiani,Alessia,Bompiani,3715602742
ErmannoCrisafulli,Ermanno,Crisafulli,3812277991
TatianaSpanevello,Tatiana,Spanevello,3900766525
ImeldaCelentano,Imelda,Celentano,3514327931
GermanaFerretti,Germana,Ferretti,3519712497
GinoStradivari,Gino,Stradivari,3792475476
CorradoTurci,Corrado,Turci,3714903456
VittorioQuasimodo,Vittorio,Quasimodo,3288346356
EzioStefanelli,Ezio,Stefanelli,3511458926
GianlucaGiannini,Gianluca,Giannini,3710185376
FrancescaGucci,Francesca,Gucci,3780048608
RomanArmani,Roman,Armani,3760901975
ErmesVasari,Ermes,Vasari,3278443807
GrazianoModiano,Graziano,Modiano,3772131127
AmedeoUbaldi,Amedeo,Ubaldi,3756493561
MorenaBruscantini,Morena,Bruscantini,3512596743
HugoMoccia,Hugo,Moccia,3437108337
PiermariaManzoni,Piermaria,Manzoni,3738132114
LeoneFederici,Leone,Federici,3315094386
ErmenegildoBuonauro,Ermenegildo,Buonauro,3777112124
SimonettaTamborini,Simonetta,Tamborini,3461877104
FiorenzoMondaini,Fiorenzo,Mondaini,3247075753
RuggieroMerisi,Ruggiero,Merisi,3447253775
RolandoTrapani,Rolando,Trapani,3715858201
PaolaMorlacchi,Paola,Morlacchi,3500062408
IrmaScotti,Irma,Scotti,3487622510
VittorioCilea,Vittorio,Cilea,3290060215
FedeleTanzini,Fedele,Tanzini,3376842515
FortunataFalier,Fortunata,Falier,3209075485
MarcelloBorsiere,Marcello,Borsiere,3665603628
LolitaCurci,Lolita,Curci,3555764822
GianfrancoPontecorvo,Gianfranco,Pontecorvo,3296970170
CostantinoPetrucelli,Costantino,Petrucelli,3601214648
GianpietroNecci,Gianpietro,Necci,3423353911
MatildaTroisi,Matilda,Troisi,3475560058
ErmannoSommaruga,Ermanno,Sommaruga,3713195480
AlfioSiffredi,Alfio,Siffredi,3756668747
AnsaldoSegni,Ansaldo,Segni,3637522163
GiacobbeIacovelli,Giacobbe,Iacovelli,3234445133
IvanPagliaro,Ivan,Pagliaro,3518205307
AntoniaToninelli,Antonia,Toninelli,3818236682
StellaCarfagna,Stella,Carfagna,3896211741
AnnamariaZaccardo,Annamaria,Zaccardo,3516819320
FiorinoValentino,Fiorino,Valentino,3534278019
MauraDossetti,Maura,Dossetti,3880000841
EvaTarantino,Eva,Tarantino,3505121295
PaolaTasca,Paola,Tasca,3297100323
RicciottiColletti,Ricciotti,Colletti,3817478012
ColuccioIannucci,Coluccio,Iannucci,3772648837
AuroraGibilisco,Aurora,Gibilisco,3279851026
PiergiorgioGabba,Piergiorgio,Gabba,3931917809
AlderanoMonti,Alderano,Monti,3514007122
RanieriAgostini,Ranieri,Agostini,3384601925
LucaCastellitto,Luca,Castellitto,3793926338
BettinaForza,Bettina,Forza,3517652011
ArnulfoCurci,Arnulfo,Curci,3555954355
RaimondoRandazzo,Raimondo,Randazzo,3515944817
VictoriaSegrè,Victoria,Segrè,3382746533
AnnalisaEmo,Annalisa,Emo,3779169946
OttavioZoppetto,Ottavio,Zoppetto,3892487982
SalvatoreDandolo,Salvatore,Dandolo,3703659324
DianaLussu,Diana,Lussu,3515284733
AntonellaSollima,Antonella,Sollima,3203837944
RosarioColumbo,Rosario,Columbo,3422959249
TizianaConti,Tiziana,Conti,3435715962
MariaSatta,Maria,Satta,3776583229
LivioArmellini,Livio,Armellini,3515753241
CostantinoProdi,Costantino,Prodi,3772962072
PaolaGovoni,Paola,Govoni,3500073824
VincenzaLeopardi,Vincenza,Leopardi,3278430820
VincenzoFuseli,Vincenzo,Fuseli,3970775805
GaspareCapuana,Gaspare,Capuana,3361789225
JolandaSimeoni,Jolanda,Simeoni,3277634944
MarisaCanetta,Marisa,Canetta,3776811587
DamianoBoccaccio,Damiano,Boccaccio,3701978422
PasqualeDisdero,Pasquale,Disdero,3444453261
GiacintoRaimondi,Giacinto,Raimondi,3855077502
OrlandoBettin,Orlando,Bettin,3517132086
DarioMilanesi,Dario,Milanesi,3617771673
NeddaSokolov,Nedda,Sokolov,3533440294
MauroScarpetta,Mauro,Scarpetta,3478052226
MassimilianoBocelli,Massimiliano,Bocelli,3419829238
MartinaVisintini,Martina,Visintini,3518534560
OttonePasqua,Ottone,Pasqua,3406390503
PiergiorgioSaracino,Piergiorgio,Saracino,3909632424
AnnettaCicala,Annetta,Cicala,3772216305
FiorinoTarantino,Fiorino,Tarantino,3777149336
SanteJilani,Sante,Jilani,3713906305
SaverioMarino,Saverio,Marino,3820200446
CoriolanoBoccaccio,Coriolano,Boccaccio,3838748301
MarianoTonisto,Mariano,Tonisto,3514541800
MorenaTommaseo,Morena,Tommaseo,3445558740
LisaAloisio,Lisa,Aloisio,3534168768
CassandraSatriani,Cassandra,Satriani,3490953301
DonnaBruno,Donna,Bruno,3380285779
FerdinandoMarenzio,Ferdinando,Marenzio,3403988682
RosaPavarotti,Rosa,Pavarotti,3713285095
LaurettaCampise,Lauretta,Campise,3235578121
SergiusMarino,Sergius,Marino,3512337054
ImeldaLeblanc,Imelda,Leblanc,3516969689
CalogeroGaiatto,Calogero,Gaiatto,3512645289
MarisaCardano,Marisa,Cardano,3713621169
AlfredoMercati,Alfredo,Mercati,3480418192
AmadeoRicci,Amadeo,Ricci,3736056340
GianlucaTacchini,Gianluca,Tacchini,3934991640
OsvaldoTropea,Osvaldo,Tropea,3519831322
OsvaldoFaggiani,Osvaldo,Faggiani,3509996827
FerdinandoParini,Ferdinando,Parini,3716526314
SilviaGilardoni,Silvia,Gilardoni,3774029494
HugoSalvini,Hugo,Salvini,3927181190
GloriaPezzali,Gloria,Pezzali,3466149998
FlaviaGaliazzo,Flavia,Galiazzo,3499142934
MarinaZacchia,Marina,Zacchia,3793822639
ElviraMoccia,Elvira,Moccia,3441737317
LisaFalloppio,Lisa,Falloppio,3912915644
TeresaCundari,Teresa,Cundari,3791088014
VictoriaEsposito,Victoria,Esposito,3274223335
DonatelloTrentini,Donatello,Trentini,3907225070
DamianoChiaramonte,Damiano,Chiaramonte,3774090455
GaspareMonte,Gaspare,Monte,3710147457
EzioCortese,Ezio,Cortese,3519356606
PaolettaDibiasi,Paoletta,Dibiasi,3783611957
PalomaMorucci,Paloma,Morucci,3687024828
CalogeroZeffirelli,Calogero,Zeffirelli,3804707712
LolitaTonisto,Lolita,Tonisto,3812756400
MartinoVivaldi,Martino,Vivaldi,3755688231
StefaniaSpinelli,Stefania,Spinelli,3519922921
CarmeloEmanuelli,Carmelo,Emanuelli,3385481989
RonaldoStorladi,Ronaldo,Storladi,3555215568
ElviraCesaroni,Elvira,Cesaroni,3500051606
JolandaPetruzzi,Jolanda,Petruzzi,3302879906
ArsenioTasca,Arsenio,Tasca,3776593726
PaolaSperi,Paola,Speri,3500093945
NataliaCasellati,Natalia,Casellati,3970851830
ToniOttino,Toni,Ottino,3519965717
ChiaraPalladio,Chiara,Palladio,3380628097
VittorioGangemi,Vittorio,Gangemi,3513143959
NiccolòManolesso,Niccolò,Manolesso,3512306195
GemmaDepero,Gemma,Depero,3730348493
JolandaRocca,Jolanda,Rocca,3710487368
ConcettaTasso,Concetta,Tasso,3661543201
VeronicaLuria,Veronica,Luria,3772845364
DonatelloGioberti,Donatello,Gioberti,3345954031
AnnamariaPolani,Annamaria,Polani,3632303304
GiacomoFoà,Giacomo,Foà,3760024021
PatrizioMarini,Patrizio,Marini,3312959324
RembrandtNicolini,Rembrandt,Nicolini,3770631449
EttaTravia,Etta,Travia,3505853594
MarioAntonello,Mario,Antonello,3710119555
LillaAgostini,Lilla,Agostini,3622458047
GianBellucci,Gian,Bellucci,3307521389
BiagioPizzo,Biagio,Pizzo,3429047448
ErmannoBenedetti,Ermanno,Benedetti,3899970524
FortunataVecoli,Fortunata,Vecoli,3773636983
MassimoPizzo,Massimo,Pizzo,3500019810
UmbertoMonaco,Umberto,Monaco,3390444181
DomenicoCerutti,Domenico,Cerutti,3711591464
LambertoMazzeo,Lamberto,Mazzeo,3701127475
GianpietroZaguri,Gianpietro,Zaguri,3402020492
RosinaRomiti,Rosina,Romiti,3732596503
MirkoTurchi,Mirko,Turchi,3783935976
RuggeroCoppola,Ruggero,Coppola,3755942724
DomenicoUdinesi,Domenico,Udinesi,3773475506
LianaCivaschi,Liana,Civaschi,3355880028
PaulinaAnichini,Paulina,Anichini,3777498160
SilvestroGritti,Silvestro,Gritti,3515047288
GiacomoAgostinelli,Giacomo,Agostinelli,3937636109
PaolaBosio,Paola,Bosio,3713139039
BiancaFracci,Bianca,Fracci,3514107131
EnnioCeschi,Ennio,Ceschi,3772223331
GiorgioMorgagni,Giorgio,Morgagni,3757523596
NadiaGreggio,Nadia,Greggio,3714870496
MarissaCaccioppoli,Marissa,Caccioppoli,3757598610
NicoPonti,Nico,Ponti,3505183641
SergiusZaguri,Sergius,Zaguri,3826418889
DelfinoAlfonsi,Delfino,Alfonsi,3777370992
ElladioMontalcini,Elladio,Montalcini,3803996569
CleliaRamazzotti,Clelia,Ramazzotti,3519689906
AntonelloGuicciardini,Antonello,Guicciardini,3713476192
GrecaAsmundo,Greca,Asmundo,3855209450
StefaniaPisani,Stefania,Pisani,3793948300
AnitaMeucci,Anita,Meucci,3273771395
PalomaPetrassi,Paloma,Petrassi,3397783490
GioffreSgarbi,Gioffre,Sgarbi,3898989233
AdamoSamele,Adamo,Samele,3713858538
GioffreSatriani,Gioffre,Satriani,3663902064
SimonePalazzo,Simone,Palazzo,3476416072
SophiaConti,Sophia,Conti,3245245283
GiulioBembo,Giulio,Bembo,3514776568
FernandaRosmini,Fernanda,Rosmini,3925098136
OrlandoAngeli,Orlando,Angeli,3711722554
ErmannoPacomio,Ermanno,Pacomio,3416079461
AmandaRaurica,Amanda,Raurica,3354877289
StefaniMondaini,Stefani,Mondaini,3515681585
GioffreSoranzo,Gioffre,Soranzo,3437703650
BrunoMontanari,Bruno,Montanari,3792008302
MartinoGramsci,Martino,Gramsci,3303747093
MarcelloMengolo,Marcello,Mengolo,3711176990
MartinaLettiere,Martina,Lettiere,3760390822
LuchinoBusoni,Luchino,Busoni,3465690527
OttavioBottigliero,Ottavio,Bottigliero,3342252701
PaoloMorgagni,Paolo,Morgagni,3701284535
GiacomoCuda,Giacomo,Cuda,3452024572
GermanaTagliafierro,Germana,Tagliafierro,3501873139
DanieleFittipaldi,Daniele,Fittipaldi,3491758029
AnitaAntonelli,Anita,Antonelli,3936851114
AlfioNievo,Alfio,Nievo,3774921252
FrancescaMartucci,Francesca,Martucci,3837887478
NicoPassalacqua,Nico,Passalacqua,3684108920
GermanaBrancaccio,Germana,Brancaccio,3735679000
LilianaZaguri,Liliana,Zaguri,3494680853
GiacobbePeruzzi,Giacobbe,Peruzzi,3517377614
GiampaoloAgostini,Giampaolo,Agostini,3505998260
BaldassareSquarcione,Baldassare,Squarcione,3792021895
DamianoVenier,Damiano,Venier,3701841013
GioffreAgostini,Gioffre,Agostini,3205687719
MarioVergerio,Mario,Vergerio,3825526565
AnnettaOrengo,Annetta,Orengo,3772262649
CoriolanoSandi,Coriolano,Sandi,3979115924
CristinaRismondo,Cristina,Rismondo,3512072679
ElmoSatriani,Elmo,Satriani,3927675706
GiulioMagnani,Giulio,Magnani,3553229537
MassimilianoTacchini,Massimiliano,Tacchini,3415803494
AdelmoPacelli,Adelmo,Pacelli,3456795601
UmbertoSchiaparelli,Umberto,Schiaparelli,3703572036
ViridianaDonati,Viridiana,Donati,3929355087
PieroRicolfi,Piero,Ricolfi,3971280379
DuranteVarano,Durante,Varano,3776732532
SophiaGarrone,Sophia,Garrone,3783408469
EraldoMarenzio,Eraldo,Marenzio,3791628195
LinaBossi,Lina,Bossi,3713954144
MarianoZiani,Mariano,Ziani,3774195369
BeppeCorradi,Beppe,Corradi,3773017746
SandroPigafetta,Sandro,Pigafetta,3238997746
FedericoBeffa,Federico,Beffa,3716197140
FabiaScarlatti,Fabia,Scarlatti,3356972733
SoleDuodo,Sole,Duodo,3716647407
ToniaVezzali,Tonia,Vezzali,3711856534
GabriellaFarinelli,Gabriella,Farinelli,3609166109
MarcantonioUdinese,Marcantonio,Udinese,3552444228
PierFantozzi,Pier,Fantozzi,3534081527
GriseldaCibin,Griselda,Cibin,3513508737
EleanoraScarpa,Eleanora,Scarpa,3701675183
DonnaPalumbo,Donna,Palumbo,3714787207
CiprianoOnisto,Cipriano,Onisto,3716178116
LidiaCantimori,Lidia,Cantimori,3429409539
MarioBergoglio,Mario,Bergoglio,3514737648
GioffreTrotta,Gioffre,Trotta,3684199077
LazzaroFederici,Lazzaro,Federici,3534626053
AzeglioSperi,Azeglio,Speri,3836136159
CorradoGramsci,Corrado,Gramsci,3362368123
MartaCilibrasi,Marta,Cilibrasi,3417223898
MichelettoLuzi,Micheletto,Luzi,3513894659
LaurettaPavarotti,Lauretta,Pavarotti,3791758175
LambertoAlboni,Lamberto,Alboni,3884394685
EttaParri,Etta,Parri,3501027795
NinaPellico,Nina,Pellico,3516454693
DuranteAmaldi,Durante,Amaldi,3501244753
ColuccioCanevascini,Coluccio,Canevascini,3489340327
BernardoComolli,Bernardo,Comolli,3516777819
RoccoUdinese,Rocco,Udinese,3783043346
TelemacoAltera,Telemaco,Altera,3971996397
SantinoFlorio,Santino,Florio,3933469838
MarcelloFantini,Marcello,Fantini,3858330969
LivioLeopardi,Livio,Leopardi,3201634072
GiacomoPasqua,Giacomo,Pasqua,3793274846
ErnestoPrada,Ernesto,Prada,3351949206
EnzoSermonti,Enzo,Sermonti,3791522832
GiuseppeCadorna,Giuseppe,Cadorna,3361926328
SantinoMoresi,Santino,Moresi,3887069914
LeonePezzali,Leone,Pezzali,3779723939
FrancescaGullotta,Francesca,Gullotta,3783067048
PanfiloBianchini,Panfilo,Bianchini,3711214982
ParideMartucci,Paride,Martucci,3519102732
RossanaRiccardi,Rossana,Riccardi,3505828210
GoffredoMarini,Goffredo,Marini,3701567668
AnnettaGrasso,Annetta,Grasso,3715587520
SerafinaPacomio,Serafina,Pacomio,3701529552
OrnellaRavaglioli,Ornella,Ravaglioli,3516020922
GiuseppeLeonardi,Giuseppe,Leonardi,3313101243
NicolòCampise,Nicolò,Campise,3513215373
VincenzaSchiavone,Vincenza,Schiavone,3713990030
RosarioRicciardi,Rosario,Ricciardi,3370245766
AmicoCammarata,Amico,Cammarata,3791108593
GianluigiSismondi,Gianluigi,Sismondi,3792627762
LazzaroRossellini,Lazzaro,Rossellini,3513432588
MelinaBenedetti,Melina,Benedetti,3777387533
CalogeroJilani,Calogero,Jilani,3826997668
RanieriMolesini,Ranieri,Molesini,3852275715
FabioAccardo,Fabio,Accardo,3770424941
GioachinoTebaldi,Gioachino,Tebaldi,3932491622
LudovicaMontanelli,Ludovica,Montanelli,3791332226
CirilloFittipaldi,Cirillo,Fittipaldi,3931164237
GiacomoSatriani,Giacomo,Satriani,3406132280
ValerioPucci,Valerio,Pucci,3311260898
AngeloSpadafora,Angelo,Spadafora,3517045396
MartinoTrillini,Martino,Trillini,3200320674
CaterinaPennetta,Caterina,Pennetta,3814770073
GelsominaJovinelli,Gelsomina,Jovinelli,3445077330
RomoloRizzoli,Romolo,Rizzoli,3757728121
AlfioLeoncavallo,Alfio,Leoncavallo,3559112196
SeverinoNavone,Severino,Navone,3890194669
RosarioOscuro,Rosario,Oscuro,3713878219
EleanoraCorrer,Eleanora,Correr,3897003751
LuchinoBrambilla,Luchino,Brambilla,3396472026
LaureanoFalloppio,Laureano,Falloppio,3772877723
LeoneBajardi,Leone,Bajardi,3499622352
LucianoCardano,Luciano,Cardano,3308149799
AriaMazzeo,Aria,Mazzeo,3518425740
AntonellaColletti,Antonella,Colletti,3778561231
MartinoBettoni,Martino,Bettoni,3501628472
RaffaellaCeschi,Raffaella,Ceschi,3773878451
GiulianaTornatore,Giuliana,Tornatore,3516815069
MelinaDeledda,Melina,Deledda,3896859936
RanieriBosurgi,Ranieri,Bosurgi,3351856699
StellaLeoncavallo,Stella,Leoncavallo,3519319233
AntonellaFantozzi,Antonella,Fantozzi,3602570831
DianaSauli,Diana,Sauli,3602054754
RomanGadda,Roman,Gadda,3716371766
GianpaoloBellucci,Gianpaolo,Bellucci,3715490209
VenancioProietti,Venancio,Proietti,3777715675
RosarioManolesso,Rosario,Manolesso,3772905073
AldoBaroffio,Aldo,Baroffio,3772909073
GiorgiaChiesa,Giorgia,Chiesa,3417431173
MarcantonioLombroso,Marcantonio,Lombroso,3774652449
GalassoAsmundo,Galasso,Asmundo,3713191326
OsvaldoPisano,Osvaldo,Pisano,3462153833
PaoloStefanelli,Paolo,Stefanelli,3417268745
LeopoldoSermonti,Leopoldo,Sermonti,3825932442
IsaCarnera,Isa,Carnera,3774965463
LudovicoValentino,Ludovico,Valentino,3512638952
PietroGadda,Pietro,Gadda,3519059808
AdrianaMorabito,Adriana,Morabito,3309455369
AmicoMocenigo,Amico,Mocenigo,3813986705
ManuelMarazzi,Manuel,Marazzi,3755769254
GabrieleFerraris,Gabriele,Ferraris,3371759044
LuchinoGuarana,Luchino,Guarana,3776348472
VictoriaCostalonga,Victoria,Costalonga,3353335252
CostantinoPiccinni,Costantino,Piccinni,3387870683
SerafinaParri,Serafina,Parri,3736941123
LiciaMoccia,Licia,Moccia,3757406215
LorenzoCasellati,Lorenzo,Casellati,3226172318
BettinaGadda,Bettina,Gadda,3311188620
TizianaMaderna,Tiziana,Maderna,3907088952
MarinaRensi,Marina,Rensi,3450679913
UmbertoSchicchi,Umberto,Schicchi,3772609551
AllegraStorladi,Allegra,Storladi,3441840658
AdrianoTasca,Adriano,Tasca,3515838621
RomanaPiovani,Romana,Piovani,3201419050
SanteBembo,Sante,Bembo,3760529327
MercedesMantegna,Mercedes,Mantegna,3378729459
LudovicoPaoletti,Ludovico,Paoletti,3446233783
GalassoTebaldi,Galasso,Tebaldi,3793874490
MorenaLeone,Morena,Leone,3500536897
SilvioBeffa,Silvio,Beffa,3236512807
GilbertoCastioni,Gilberto,Castioni,3235470567
DarioGradenigo,Dario,Gradenigo,3311449914
NataliaZetticci,Natalia,Zetticci,3362385373
AngeloBorghese,Angelo,Borghese,3610806770
NinettaVerri,Ninetta,Verri,3757128722
GaspareCamicione,Gaspare,Camicione,3505756991
AlessandroScialpi,Alessandro,Scialpi,3500922040
AdelasiaFittipaldi,Adelasia,Fittipaldi,3394976623
GraziellaMarcacci,Graziella,Marcacci,3938021614
MariaCagnotto,Maria,Cagnotto,3793569914
AngeloTommaseo,Angelo,Tommaseo,3342426430
MarcelloBerengario,Marcello,Berengario,3379666159
IlariaSoderini,Ilaria,Soderini,3757924067
ClaudiaFagotto,Claudia,Fagotto,3776901443
StellaGermano,Stella,Germano,3487395357
GabrieleCasale,Gabriele,Casale,3201656220
RitaAntonini,Rita,Antonini,3500120676
SalvatoreRespighi,Salvatore,Respighi,3511608609
AdrianaPaoletti,Adriana,Paoletti,3637105495
OrazioZaccagnini,Orazio,Zaccagnini,3902357342
LillaCaffarelli,Lilla,Caffarelli,3444295435
AntoninoGregorio,Antonino,Gregorio,3756685732
AlessiaFaggiani,Alessia,Faggiani,3500209015
AgnoloBalla,Agnolo,Balla,3518088154
MichelottoPometta,Michelotto,Pometta,3231227362
AdelmoMoneta,Adelmo,Moneta,3716467469
MarcantonioFuseli,Marcantonio,Fuseli,3373677765
CorradoBusoni,Corrado,Busoni,3971282455
PiergiorgioTomaselli,Piergiorgio,Tomaselli,3619494735
RamonaFerragni,Ramona,Ferragni,3376487118
AgnoloPirelli,Agnolo,Pirelli,3760554453
GiuseppeTarantino,Giuseppe,Tarantino,3468343480
RenataOnio,Renata,Onio,3738526914
GloriaRicolfi,Gloria,Ricolfi,3505097206
CamillaVergerio,Camilla,Vergerio,3474074188
PaoloPastine,Paolo,Pastine,3379076106
MauroAgostini,Mauro,Agostini,3465227623
JacopoBattelli,Jacopo,Battelli,3511729562
GraziellaZaccagnini,Graziella,Zaccagnini,3434581257
LeonardoPincherle,Leonardo,Pincherle,3518408734
AdelasiaParini,Adelasia,Parini,3713636175
VirginiaPraga,Virginia,Praga,3505066871
LuigiPisani,Luigi,Pisani,3713434898
GalassoGremese,Galasso,Gremese,3783651407
DamianoIacovelli,Damiano,Iacovelli,3835982340
BenvenutoCasalodi,Benvenuto,Casalodi,3905358065
ClaudiaRiccati,Claudia,Riccati,3714658474
GilbertoCamicione,Gilberto,Camicione,3779312237
VittorioLucarelli,Vittorio,Lucarelli,3806720019
LeonardoSerraglio,Leonardo,Serraglio,3318250647
AldoGottardi,Aldo,Gottardi,3203457161
LuigiPolani,Luigi,Polani,3513850048
LiciaFilangieri,Licia,Filangieri,3682906048
SebastianoOrlando,Sebastiano,Orlando,3772509599
GabrielePeruzzi,Gabriele,Peruzzi,3623512088
UgoFinzi,Ugo,Finzi,3505234868
PasqualFalloppio,Pasqual,Falloppio,3394364348
IsaPetralli,Isa,Petralli,3444646562
GaspareSavorgnan,Gaspare,Savorgnan,3778402454
NicoLerner,Nico,Lerner,3715566511
LiciaChindamo,Licia,Chindamo,3777751979
RicciottiValentino,Ricciotti,Valentino,3519465545
FiorinoBova,Fiorino,Bova,3408408584
LandoBellucci,Lando,Bellucci,3755729826
SandraFerragni,Sandra,Ferragni,3238796398
RosaBoiardo,Rosa,Boiardo,3357496255
AgostinoMarrone,Agostino,Marrone,3533867833
MarcoTurchetta,Marco,Turchetta,3467232654
LibertoTravia,Liberto,Travia,3818904268
CirilloNibali,Cirillo,Nibali,3734233216
DianaCamuccini,Diana,Camuccini,3630802959
GiulianoGiannelli,Giuliano,Giannelli,3338465050
AchillePertini,Achille,Pertini,3760525465
StefaniaAbba,Stefania,Abba,3204821370
CamilloForza,Camillo,Forza,3442073613
DuranteRenier,Durante,Renier,3739820448
AllegraGagliano,Allegra,Gagliano,3505521491
LoredanaRespighi,Loredana,Respighi,3311231911
MelissaFattori,Melissa,Fattori,3938129916
MelissaBerlusconi,Melissa,Berlusconi,3518164450
FedericoOlivetti,Federico,Olivetti,3517558635
AdrianoArgan,Adriano,Argan,3342368576
ElmoSchiavone,Elmo,Schiavone,3772980989
SoniaPezzali,Sonia,Pezzali,3716423829
AmedeoRuggeri,Amedeo,Ruggeri,3885147558
RosaliaGregorio,Rosalia,Gregorio,3730169449
ValeriaZoppetti,Valeria,Zoppetti,3308759754
CamilloTrobbiani,Camillo,Trobbiani,3447696555
ParideTencalla,Paride,Tencalla,3239401337
GiacintoRosmini,Giacinto,Rosmini,3792162098
GeronimoVecoli,Geronimo,Vecoli,3770972037
GemmaPavone,Gemma,Pavone,3520926977
JolandaLonghena,Jolanda,Longhena,3780500764
GiacintoVidoni,Giacinto,Vidoni,3773697080
VirgilioMolesini,Virgilio,Molesini,3505500523
AngelicaRiccardi,Angelica,Riccardi,3480185839
RodolfoDelle,Rodolfo,Delle,3756759239
AmaliaNaccari,Amalia,Naccari,3736621212
PaulinaConte,Paulina,Conte,3913847876
CristinaCorcos,Cristina,Corcos,3366433035
GianlucaAjello,Gianluca,Ajello,3209417223
AmadeoBorrani,Amadeo,Borrani,3298706213
IrmaBorromeo,Irma,Borromeo,3355430975
BrunoBenedetti,Bruno,Benedetti,3281935691
RobertaVerga,Roberta,Verga,3703474558
RenataVerri,Renata,Verri,3319061210
FilippaTravia,Filippa,Travia,3510262025
GastoneViviani,Gastone,Viviani,3368079099
ClaudiaCelentano,Claudia,Celentano,3825153408
GiulianaLupo,Giuliana,Lupo,3361635547
DonnaSgarbi,Donna,Sgarbi,3772114731
RicciottiCimini,Ricciotti,Cimini,3703443664
AchilleBlasi,Achille,Blasi,3755502373
SeverinoFieramosca,Severino,Fieramosca,3311197635
FernandaCibin,Fernanda,Cibin,3664478769
EvaGabrieli,Eva,Gabrieli,3511245705
NiccolòComboni,Niccolò,Comboni,3439662051
VenancioSquarcione,Venancio,Squarcione,3669283586
GemmaSibilia,Gemma,Sibilia,3776053981
RobertoCorcos,Roberto,Corcos,3501137133
VirgilioMatteotti,Virgilio,Matteotti,3668764192
NinettaCatalano,Ninetta,Catalano,3505624416
PaolettaCardano,Paoletta,Cardano,3310021925
OlgaMaspero,Olga,Maspero,3421674406
RiccardoCombi,Riccardo,Combi,3360972732
AlessandraCuda,Alessandra,Cuda,3386323728
SabatinoCamiscione,Sabatino,Camiscione,3223177147
LucaLovato,Luca,Lovato,3533427742
EttoreVisconti,Ettore,Visconti,3505291330
VirgilioPavone,Virgilio,Pavone,3662522808
OsvaldoFilippelli,Osvaldo,Filippelli,3367242388
GiacintoSegrè,Giacinto,Segrè,3773714494
LuisaFilippelli,Luisa,Filippelli,3470135167
EzioSatriani,Ezio,Satriani,3520725149
AlbertoCamiscione,Alberto,Camiscione,3792277399
UgoGaito,Ugo,Gaito,3459694275
ValeriaFranzese,Valeria,Franzese,3638823001
DariaOttino,Daria,Ottino,3420664407
RenataManolesso,Renata,Manolesso,3501261089
TelemacoAmato,Telemaco,Amato,3520824937
MelaniaLetta,Melania,Letta,3662354016
OrlandoRosmini,Orlando,Rosmini,3711349327
FortunataPeano,Fortunata,Peano,3469778316
SantinoGucci,Santino,Gucci,3772234939
MelissaBertoni,Melissa,Bertoni,3207307681
NiccolòSalata,Niccolò,Salata,3881012415
EnzioPavanello,Enzio,Pavanello,3380444321
ChiaraFinzi,Chiara,Finzi,3668369938
CristinaPaltrinieri,Cristina,Paltrinieri,3776440009
RanieriMaccanelli,Ranieri,Maccanelli,3534499421
MargheritaOpizzi,Margherita,Opizzi,3613547091
NiccolòLanfranchi,Niccolò,Lanfranchi,3500821475
AnnibaleProietti,Annibale,Proietti,3379400553
LaurettaGualtieri,Lauretta,Gualtieri,3780467276
AngeloFinzi,Angelo,Finzi,3533325993
GianmarcoTartaglia,Gianmarco,Tartaglia,3512726649
LucreziaSchiavo,Lucrezia,Schiavo,3505908965
EttoreProcacci,Ettore,Procacci,3393376416
AmedeoBorromini,Amedeo,Borromini,3516340010
SerenaMilanesi,Serena,Milanesi,3500864577
CaterinaTraetta,Caterina,Traetta,3270502801
AlfredoDisdero,Alfredo,Disdero,3739387948
ErmenegildoCasaleggio,Ermenegildo,Casaleggio,3426468199
DuranteTurchetta,Durante,Turchetta,3533830748
AlderanoBernardini,Alderano,Bernardini,3757393413
MatteoTurchi,Matteo,Turchi,3222364320
GiuliettaSilvestri,Giulietta,Silvestri,3515655024
PieroFantoni,Piero,Fantoni,3489212992
FredoEmo,Fredo,Emo,3513171472
SophiaMastroianni,Sophia,Mastroianni,3822786416
PriscillaGentileschi,Priscilla,Gentileschi,3515597467
MartinoOrtese,Martino,Ortese,3277061226
FernandaGadda,Fernanda,Gadda,3710865678
NadiaCostanzi,Nadia,Costanzi,3713283029
SilviaPertini,Silvia,Pertini,3973138649
SerenaFerrucci,Serena,Ferrucci,3505359060
MauroPirelli,Mauro,Pirelli,3896200048
DamianoPaganini,Damiano,Paganini,3513186622
SabatinoFallaci,Sabatino,Fallaci,3500695402
ArnulfoOffredi,Arnulfo,Offredi,3757030923
AlessiaMontanariello,Alessia,Montanariello,3517469005
PanfiloPolizzi,Panfilo,Polizzi,3880030249
SalviAriosto,Salvi,Ariosto,3557653200
ElmoSibilia,Elmo,Sibilia,3505502819
CesareCamanni,Cesare,Camanni,3776407517
CostantinoCasagrande,Costantino,Casagrande,3703732445
NataliaCristoforetti,Natalia,Cristoforetti,3405303958
AlbericoCondoleo,Alberico,Condoleo,3205948776
MarcantonioGabba,Marcantonio,Gabba,3772019557
OresteLombardo,Oreste,Lombardo,3465107990
MartinoLeone,Martino,Leone,3432838598
UmbertoSonnino,Umberto,Sonnino,3424476995
AntoninaGradenigo,Antonina,Gradenigo,3511750695
RamonaFerrazzi,Ramona,Ferrazzi,3347996015
UgoSmirnoff,Ugo,Smirnoff,3757639274
VirginiaPace,Virginia,Pace,3303552616
SantinoTiepolo,Santino,Tiepolo,3622654885
MauroFinetti,Mauro,Finetti,3711223297
EzioLombroso,Ezio,Lombroso,3818570577
FilippaCaruso,Filippa,Caruso,3713767153
LeonardoFerragamo,Leonardo,Ferragamo,3756948477
GiannaSokolov,Gianna,Sokolov,3668154066
EnzioSimeoni,Enzio,Simeoni,3602680347
AngelinaArgurio,Angelina,Argurio,3886879696
LilianaBenedetti,Liliana,Benedetti,3520506192
BenvenutoFicino,Benvenuto,Ficino,3516932899
NapoleoneLupo,Napoleone,Lupo,3518931700
MassimoFogazzaro,Massimo,Fogazzaro,3922786716
PiergiorgioGelli,Piergiorgio,Gelli,3519908593
LorettaCherubini,Loretta,Cherubini,3907245259
RobertaCherubini,Roberta,Cherubini,3907923381
PierangeloFieramosca,Pierangelo,Fieramosca,3500405175
DianaGovoni,Diana,Govoni,3509379617
FederigoSpallanzani,Federigo,Spallanzani,3924205112
SeverinoVerri,Severino,Verri,3757994002
GaetanoCostanzi,Gaetano,Costanzi,3423217578
PalomaToso,Paloma,Toso,3432762943
RamonaCollodi,Ramona,Collodi,3804075198
MichelaRocca,Michela,Rocca,3827981800
CoriolanoTosi,Coriolano,Tosi,3777063455
GiadaLanfranchi,Giada,Lanfranchi,3618672178
AlinaCostalonga,Alina,Costalonga,3510301454
LianaJovinelli,Liana,Jovinelli,3225356349
GelsominaPetrassi,Gelsomina,Petrassi,3551972633
DamianoCardano,Damiano,Cardano,3499343927
GriseldaBiagiotti,Griselda,Biagiotti,3884191432
LandoGozzano,Lando,Gozzano,3206926634
PasqualeSchiaparelli,Pasquale,Schiaparelli,3294164983
MarioLiguori,Mario,Liguori,3772112976
MariaChittolini,Maria,Chittolini,3711852131
RomanaCocci,Romana,Cocci,3701887470
GastoneProcacci,Gastone,Procacci,3884933821
PasqualAgnesi,Pasqual,Agnesi,3512101369
GiannaOliboni,Gianna,Oliboni,3510335069
DamianoCasalodi,Damiano,Casalodi,3756781024
StefanoPizzo,Stefano,Pizzo,3882580580
AmletoBoaga,Amleto,Boaga,3813111107
BettinaBoldù,Bettina,Boldù,3231153513
PaolettaMonduzzi,Paoletta,Monduzzi,3469370398
LiviaVenditti,Livia,Venditti,3778702093
DionigiGremese,Dionigi,Gremese,3334708091
BenvenutoMontanari,Benvenuto,Montanari,3680832669
EzioCundari,Ezio,Cundari,3246062632
SilvestroPozzecco,Silvestro,Pozzecco,3760541837
SusannaGargallo,Susanna,Gargallo,3757623259
TorquatoOpizzi,Torquato,Opizzi,3482639402
GriseldaColumbo,Griselda,Columbo,3804779247
NiccolòRegge,Niccolò,Regge,3682086200
MercedesDossetti,Mercedes,Dossetti,3500329674
GilbertoTamburello,Gilberto,Tamburello,3773041843
IvanEndrizzi,Ivan,Endrizzi,3912625932
GiulianaSpadafora,Giuliana,Spadafora,3520697518
SergiusCocci,Sergius,Cocci,3777937949
RomanaGiusti,Romana,Giusti,3907039612
RomeoTrobbiani,Romeo,Trobbiani,3414387263
RossanaPrada,Rossana,Prada,3500624846
ErmesFranscini,Ermes,Franscini,3792682835
ArsenioCassarà,Arsenio,Cassarà,3478206139
EttaBabato,Etta,Babato,3511969443
OrnellaBajardi,Ornella,Bajardi,3501557463
ArturoBixio,Arturo,Bixio,3809194824
SusannaSobrero,Susanna,Sobrero,3534770827
NinoTogliatti,Nino,Togliatti,3494560663
DelfinoOmma,Delfino,Omma,3519924982
NadiaPalazzo,Nadia,Palazzo,3701218904
AntoninaOssola,Antonina,Ossola,3515405509
AriaIannuzzi,Aria,Iannuzzi,3638071975
FabriziaAsmundo,Fabrizia,Asmundo,3500096103
ClaudiaMalatesta,Claudia,Malatesta,3770574826
DionigiOrsini,Dionigi,Orsini,3519780867
GraziellaPucci,Graziella,Pucci,3662794240
SantePavone,Sante,Pavone,3881785069
GianmarcoCarducci,Gianmarco,Carducci,3511615015
SimoneGonzaga,Simone,Gonzaga,3916955566
DariaGalvani,Daria,Galvani,3714919471
GrecaMorricone,Greca,Morricone,3813853446
DonatelloPepe,Donatello,Pepe,3715126587
IdaCadorna,Ida,Cadorna,3512343029
MauroRubbia,Mauro,Rubbia,3534111498
AnnettaBresciani,Annetta,Bresciani,3469663062
OresteFilogamo,Oreste,Filogamo,3512794667
DoloresTrotta,Dolores,Trotta,3711959141
GianniPetralli,Gianni,Petralli,3441683673
GrazianoGolgi,Graziano,Golgi,3856975623
MercedesPapafava,Mercedes,Papafava,3919349138
RobertaRubbia,Roberta,Rubbia,3755394177
FedericoDelle,Federico,Delle,3314363575
AgostinoCivaschi,Agostino,Civaschi,3511095300
LeopoldoUbaldi,Leopoldo,Ubaldi,3501407804
EvaCasalodi,Eva,Casalodi,3817029483
GiulianaCesarotti,Giuliana,Cesarotti,3777686966
LetiziaCuomo,Letizia,Cuomo,3510856388
RicciottiCapecchi,Ricciotti,Capecchi,3662055682
RenataCamilleri,Renata,Camilleri,3520022175
BenitoMorabito,Benito,Morabito,3443041059
RobertaScotti,Roberta,Scotti,3780287649
MauraBorromini,Maura,Borromini,3770273966
OresteZacchia,Oreste,Zacchia,3533566754
GabriellaFinzi,Gabriella,Finzi,3509186338
VanessaGarzoni,Vanessa,Garzoni,3855977674
ParideVento,Paride,Vento,3285322570
MarianaTrussardi,Mariana,Trussardi,3307216611
GiannaAbba,Gianna,Abba,3777060250
FlaviaRespighi,Flavia,Respighi,3520362238
ToninoOrengo,Tonino,Orengo,3716492409
TizianaRossini,Tiziana,Rossini,3514673213
AntoninaSamele,Antonina,Samele,3511671476
LorenzoBoccioni,Lorenzo,Boccioni,3515804844
SilvestroNecci,Silvestro,Necci,3973582279
FortunataTognazzi,Fortunata,Tognazzi,3851877325
AlbericoVillarosa,Alberico,Villarosa,3908177413
MattiaPezzali,Mattia,Pezzali,3241682278
GiulianoLovato,Giuliano,Lovato,3518067857
StefanoParpinel,Stefano,Parpinel,3517991042
CleliaMartinelli,Clelia,Martinelli,3338016147
PierinaCeri,Pierina,Ceri,3635433296
CostantinoCuriel,Costantino,Curiel,3792851584
LucioLanfranchi,Lucio,Lanfranchi,3739395381
NicolettaTirabassi,Nicoletta,Tirabassi,3715196780
AriaGaiatto,Aria,Gaiatto,3203954795
GastoneOrlando,Gastone,Orlando,3854229296
MiloChinnici,Milo,Chinnici,3739567072
MaurizioMontecchi,Maurizio,Montecchi,3427049290
UgolinoPirelli,Ugolino,Pirelli,3932566114
LucianaSquarcione,Luciana,Squarcione,3513563152
PierluigiBorgia,Pierluigi,Borgia,3459951739
VirgilioBombieri,Virgilio,Bombieri,3783679478
SaverioCoppola,Saverio,Coppola,3713694278
MassimoDelle,Massimo,Delle,3377250778
LetiziaFerrari,Letizia,Ferrari,3425646356
GuglielmoPellegrini,Guglielmo,Pellegrini,3513740840
RaimondoMaderna,Raimondo,Maderna,3402105276
FerdinandoSimeoni,Ferdinando,Simeoni,3882851213
VincenzaVanvitelli,Vincenza,Vanvitelli,3884862164
ImeldaScarpa,Imelda,Scarpa,3701385831
ArsenioPalumbo,Arsenio,Palumbo,3792173463
VeronicaZaccagnini,Veronica,Zaccagnini,3374348845
SanteCarducci,Sante,Carducci,3890278838
FabioMontalti,Fabio,Montalti,3461741050
VirgilioBarracco,Virgilio,Barracco,3301431129
RaffaeleNordio,Raffaele,Nordio,3701663839
CiprianoMicheletti,Cipriano,Micheletti,3468281011
AntonellaMontalcini,Antonella,Montalcini,3715320359
NiccolòGuinizzelli,Niccolò,Guinizzelli,3701265238
FrancoMagrassi,Franco,Magrassi,3516588277
GiustinoBenigni,Giustino,Benigni,3714074120
MattiaScarpetta,Mattia,Scarpetta,3511198566
BereniceCalgari,Berenice,Calgari,3736987749
TinaCossiga,Tina,Cossiga,3668063289
EttaSalvo,Etta,Salvo,3444881567
BeatriceFranzese,Beatrice,Franzese,3812880543
LambertoGadda,Lamberto,Gadda,3714892312
ErikaDruso,Erika,Druso,3715897627
DanteTanzini,Dante,Tanzini,3518947256
TemistocleNaccari,Temistocle,Naccari,3755767856
LaureanoMonte,Laureano,Monte,3714688409
LauraPisaroni,Laura,Pisaroni,3390438262
FilippoGentileschi,Filippo,Gentileschi,3454343398
AnnamariaZoppetto,Annamaria,Zoppetto,3443580855
PomponioStefanelli,Pomponio,Stefanelli,3364067937
RenzoPavanello,Renzo,Pavanello,3904184638
PierinaAndreozzi,Pierina,Andreozzi,3772489471
MichelangeloPareto,Michelangelo,Pareto,3755790149
LudovicoMastroianni,Ludovico,Mastroianni,3779340538
PinaVergerio,Pina,Vergerio,3703725221
AlessiaPizziol,Alessia,Pizziol,3716669659
VincenzoMeucci,Vincenzo,Meucci,3779561601
SophiaSibilia,Sophia,Sibilia,3810949170
AnnalisaMorucci,Annalisa,Morucci,3310961923
EdoardoPalmisano,Edoardo,Palmisano,3514628916
VenancioConte,Venancio,Conte,3668955834
MarioGualtieri,Mario,Gualtieri,3491104534
TelemacoPetruzzi,Telemaco,Petruzzi,3505173665
AllegraFermi,Allegra,Fermi,3600978954
MatteoZoppetto,Matteo,Zoppetto,3403150349
EdoardoVisconti,Edoardo,Visconti,3437023385
GiulianoTraversa,Giuliano,Traversa,3811354125
FernandaMattarella,Fernanda,Mattarella,3615742989
SoleNonis,Sole,Nonis,3295710494
FerdinandoPiazzi,Ferdinando,Piazzi,3221290808
AdelasiaFerraris,Adelasia,Ferraris,3510864325
FedeleFavata,Fedele,Favata,3473562779
RaffaellaRusticucci,Raffaella,Rusticucci,3793689267
CarmeloTrapanese,Carmelo,Trapanese,3312612693
PatrizioMorlacchi,Patrizio,Morlacchi,3886837151
DoloresCorrer,Dolores,Correr,3511907179
GermanaAndreozzi,Germana,Andreozzi,3519260216
SophiaGaleati,Sophia,Galeati,3517210356
MircoBaggio,Mirco,Baggio,3428788958
AlessandraBorgia,Alessandra,Borgia,3904004824
MichelangeloAntonetti,Michelangelo,Antonetti,3791031227
AdrianoBeffa,Adriano,Beffa,3299743638
AldoLeopardi,Aldo,Leopardi,3713416756
ToniPetrucci,Toni,Petrucci,3810584695
EnricoBerrè,Enrico,Berrè,3711065081
BettinaDovara,Bettina,Dovara,3756740153
DonatelloNolcini,Donatello,Nolcini,3447554599
TullioEmanuelli,Tullio,Emanuelli,3279102372
RossanaBertoli,Rossana,Bertoli,3510547682
OsvaldoDovara,Osvaldo,Dovara,3716541851
PaulinaPavarotti,Paulina,Pavarotti,3829412384
BeppeVespucci,Beppe,Vespucci,3515607283
PinaVianello,Pina,Vianello,3809216145
FerdinandoTrapanese,Ferdinando,Trapanese,3483701493
TemistocleDoria,Temistocle,Doria,3778927933
AntonellaCuomo,Antonella,Cuomo,3936871734
GiancarloOttino,Giancarlo,Ottino,3336501403
DanieleLeonardi,Daniele,Leonardi,3739075176
DelfinoGaltarossa,Delfino,Galtarossa,3756157377
IsaBarcaccia,Isa,Barcaccia,3804095239
CassandraGiunti,Cassandra,Giunti,3832289185
LaureanoRinaldi,Laureano,Rinaldi,3714435747
FilippaCundari,Filippa,Cundari,3534459983
FaustoMaderno,Fausto,Maderno,3380281484
MircoFischetti,Mirco,Fischetti,3928508375
MartinaBadoer,Martina,Badoer,3516497645
GiuliettaVenditti,Giulietta,Venditti,3715441777
MauroGotti,Mauro,Gotti,3927699036
GrazianoSanguineti,Graziano,Sanguineti,3776455762
GastonePolizzi,Gastone,Polizzi,3243763209
MichelottoFantoni,Michelotto,Fantoni,3367109648
ErikaRuggieri,Erika,Ruggieri,3770981604
ElenaParmitano,Elena,Parmitano,3736203662
RominaBarcella,Romina,Barcella,3701779683
CalogeroMancini,Calogero,Mancini,3779609338
ArmandoCoardi,Armando,Coardi,3313824913
BernardoPetruzzi,Bernardo,Petruzzi,3774682234
EnnioFornaciari,Ennio,Fornaciari,3757584114
ToniaComencini,Tonia,Comencini,3343193067
AllegraEco,Allegra,Eco,3815440588
GrecoBarbarigo,Greco,Barbarigo,3511199555
LeoneVespa,Leone,Vespa,3308965136
CoriolanoBerengario,Coriolano,Berengario,3511415786
MauraVerdone,Maura,Verdone,3534531039
BenedettoLeone,Benedetto,Leone,3240877710
IgnazioBelletini,Ignazio,Belletini,3493679801
NinaCampanella,Nina,Campanella,3628423403
ToniaEco,Tonia,Eco,3533265491
SalviProdi,Salvi,Prodi,3850904092
GirolamoSauli,Girolamo,Sauli,3500031401
BernardoCendron,Bernardo,Cendron,3515548696
PietroVespucci,Pietro,Vespucci,3520779124
GiovannaNicoletti,Giovanna,Nicoletti,3429315500
LolitaMaffei,Lolita,Maffei,3757514745
CassandraCignaroli,Cassandra,Cignaroli,3559619861
AlbertoUghi,Alberto,Ughi,3311463998
OlgaLigorio,Olga,Ligorio,3916463490
GaetanoMorosini,Gaetano,Morosini,3295691964
GiulianoRespighi,Giuliano,Respighi,3780294116
LilianaMatteotti,Liliana,Matteotti,3552261072
GioacchinoBadoglio,Gioacchino,Badoglio,3311331205
ElviraNonis,Elvira,Nonis,3791542842
RuggieroLattuada,Ruggiero,Lattuada,3974400577
ValeriaPriuli,Valeria,Priuli,3819315404
EnnioStrangio,Ennio,Strangio,3357026115
SalvatoreBonino,Salvatore,Bonino,3306037126
DanieleOscuro,Daniele,Oscuro,3792797648
GionataRastelli,Gionata,Rastelli,3908862092
AuroraGonzaga,Aurora,Gonzaga,3917811545
GloriaBoezio,Gloria,Boezio,3512769522
GrecaTamburello,Greca,Tamburello,3554437212
CesareRoero,Cesare,Roero,3403870769
PaolaCostalonga,Paola,Costalonga,3509562377
VirginiaBrenna,Virginia,Brenna,3835262447
GianmarcoPastine,Gianmarco,Pastine,3791906680
TelemacoGualandi,Telemaco,Gualandi,3227339675
AuroraTaliani,Aurora,Taliani,3755924094
AlfredoVisintini,Alfredo,Visintini,3367526113
DinaGinesio,Dina,Ginesio,3809860102
IsabellaMazzi,Isabella,Mazzi,3895422995
DionigiRizzoli,Dionigi,Rizzoli,3780352400
NicoRossetti,Nico,Rossetti,3791106473
GiuliettaBusoni,Giulietta,Busoni,3909220912
GioeleAsprucci,Gioele,Asprucci,3390368796
AgnoloCerquiglini,Agnolo,Cerquiglini,3977666815
FrancoAmmaniti,Franco,Ammaniti,3913746581
GiulianoSurian,Giuliano,Surian,3714424237
ErmannoSansoni,Ermanno,Sansoni,3665431349
AmadeoBembo,Amadeo,Bembo,3245501577
LolitaGiannotti,Lolita,Giannotti,3516827471
BeppeInteriano,Beppe,Interiano,3437934509
BartolomeoBertoli,Bartolomeo,Bertoli,3500057674
AgostinoFilogamo,Agostino,Filogamo,3792075871
FaustoMorlacchi,Fausto,Morlacchi,3816184951
LauraMorpurgo,Laura,Morpurgo,3921736061
EnzioCantimori,Enzio,Cantimori,3422205569
GalassoNicoletti,Galasso,Nicoletti,3236563828
MariaEmanuelli,Maria,Emanuelli,3779503296
DonatelloTremonti,Donatello,Tremonti,3778604070
LiviaGuicciardini,Livia,Guicciardini,3825082811
AnsaldoMaggioli,Ansaldo,Maggioli,3517195738
RanieriBeffa,Ranieri,Beffa,3463892928
BeppeMicheletti,Beppe,Micheletti,3716195780
ViridianaSatriani,Viridiana,Satriani,3793860209
PellegrinoTroisi,Pellegrino,Troisi,3311774510
ArmandoPace,Armando,Pace,3733243990
CeciliaPerini,Cecilia,Perini,3880637958
LorettaTaliani,Loretta,Taliani,3911821258
ManuelIoppi,Manuel,Ioppi,3757201538
CamilloScandone,Camillo,Scandone,3773378103
BartolomeoCrespi,Bartolomeo,Crespi,3400025324
SalvatoreTrombetta,Salvatore,Trombetta,3783506190
AngelicaCastellitto,Angelica,Castellitto,3755154460
FerdinandoCarli,Ferdinando,Carli,3714525519
MartaSandi,Marta,Sandi,3608973523
AdrianoBassi,Adriano,Bassi,3703336988
UbaldoTogliatti,Ubaldo,Togliatti,3509317054
PasqualSansoni,Pasqual,Sansoni,3756113624
OttavioEndrizzi,Ottavio,Endrizzi,3517800171
DonatoAulenti,Donato,Aulenti,3519621901
AdrianoVigorelli,Adriano,Vigorelli,3777928067
RomanaStoppani,Romana,Stoppani,3774304163
JacopoPacillo,Jacopo,Pacillo,3638050763
BeppeTrotta,Beppe,Trotta,3512133625
AgostinoGoldstein,Agostino,Goldstein,3500455935
LandoNicolucci,Lando,Nicolucci,3850005949
CarolinaBrambilla,Carolina,Brambilla,3517253559
FedeleBalbo,Fedele,Balbo,3836586875
AgostinoCarducci,Agostino,Carducci,3512504247
LucianaBajamonti,Luciana,Bajamonti,3902775449
MarissaCiani,Marissa,Ciani,3301369282
GiulianaBrugnaro,Giuliana,Brugnaro,3287821258
GeronimoTrillini,Geronimo,Trillini,3520189871
MiloTrezzini,Milo,Trezzini,3614484939
AgostinoFornaciari,Agostino,Fornaciari,3500974385
MarianaProdi,Mariana,Prodi,3683047199
VictoriaBongiorno,Victoria,Bongiorno,3715923089
AlessioMennea,Alessio,Mennea,3496352027
EmmaVidoni,Emma,Vidoni,3238310644
AdamoCaccioppoli,Adamo,Caccioppoli,3440401725
VincenzaNievo,Vincenza,Nievo,3304697982
GermanaGreggio,Germana,Greggio,3609925909
AlphonsOrsini,Alphons,Orsini,3837271330
TizianaRuffini,Tiziana,Ruffini,3501208658
GiulianoLeblanc,Giuliano,Leblanc,3603452936
AzeglioGritti,Azeglio,Gritti,3715419141
AngelicaSalandra,Angelica,Salandra,3970265139
AdrianaStrangio,Adriana,Strangio,3233993993
BeppeBembo,Beppe,Bembo,3825795004
MilenaBrancaccio,Milena,Brancaccio,3774946684
LiviaZiani,Livia,Ziani,3684651755
MichelettoPolizzi,Micheletto,Polizzi,3791532324
ToniaOffredi,Tonia,Offredi,3714142299
DomenicoMennea,Domenico,Mennea,3732312480
GiulianaFaugno,Giuliana,Faugno,3227874229
RaffaeleGregorio,Raffaele,Gregorio,3365519448
SantinoEmo,Santino,Emo,3287734830
GioachinoSaffi,Gioachino,Saffi,3711258452
ElmoZecchini,Elmo,Zecchini,3701377471
AdelmoZamengo,Adelmo,Zamengo,3777672363
LolitaBoccaccio,Lolita,Boccaccio,3397527886
GianlucaNorbiato,Gianluca,Norbiato,3444680955
VittoriaBadoglio,Vittoria,Badoglio,3520012007
VeronicaMoschino,Veronica,Moschino,3774744663
EleanoraOdescalchi,Eleanora,Odescalchi,3979366845
FlaviaRossetti,Flavia,Rossetti,3419762444
AzeglioLippomano,Azeglio,Lippomano,3559221089
AntonelloTrombetta,Antonello,Trombetta,3772055279
CeciliaPirandello,Cecilia,Pirandello,3714718326
LoredanaPalombi,Loredana,Palombi,3755630085
GiulianaStorladi,Giuliana,Storladi,3714101349
GiannaCorradi,Gianna,Corradi,3534362749
DoloresFattori,Dolores,Fattori,3519108639
DanteMajorana,Dante,Majorana,3509544691
EleanoraStradivari,Eleanora,Stradivari,3558264627
AnitaBocelli,Anita,Bocelli,3208594306
SerafinaPalladio,Serafina,Palladio,3807646028
BiancaMontessori,Bianca,Montessori,3509433155
DanieleCalbo,Daniele,Calbo,3509445318
LuisaMalaparte,Luisa,Malaparte,3773202954
RomeoMorandini,Romeo,Morandini,3856129522
CeciliaCremonesi,Cecilia,Cremonesi,3974668678
MarcelloTrentini,Marcello,Trentini,3681504869
ManuelChechi,Manuel,Chechi,3783201950
RaffaellaMarenzio,Raffaella,Marenzio,3774401596
MariaAlmagià,Maria,Almagià,3713159131
MariaGualandi,Maria,Gualandi,3515802579
RomanVergerio,Roman,Vergerio,3756897029
ParideLiverotti,Paride,Liverotti,3312946269
DonatelloSobrero,Donatello,Sobrero,3509614126
ValerioAntelami,Valerio,Antelami,3520057139
RenzoTebaldi,Renzo,Tebaldi,3520473111
AntoniettaComolli,Antonietta,Comolli,3760737203
PierinaFo,Pierina,Fo,3895944547
LinaZoppetto,Lina,Zoppetto,3636927297
GuidoNicolini,Guido,Nicolini,3520694387
SantinoPugliese,Santino,Pugliese,3229890340
GioachinoSaraceno,Gioachino,Saraceno,3512490032
VincentioSalieri,Vincentio,Salieri,3466492108
VictoriaFogazzaro,Victoria,Fogazzaro,3340321384
MarisaFilogamo,Marisa,Filogamo,3428303756
OrazioVergassola,Orazio,Vergassola,3380218091
AlfioCagnotto,Alfio,Cagnotto,3394394262
ValentinaAbbagnale,Valentina,Abbagnale,3885339157
LibertoRienzo,Liberto,Rienzo,3505416534
AmandaPetrucelli,Amanda,Petrucelli,3486824047
CarolinaFittipaldi,Carolina,Fittipaldi,3774273260
LudovicaFerrara,Ludovica,Ferrara,3492350318
PiergiorgioCanali,Piergiorgio,Canali,3474097405
GioacchinoPorzio,Gioacchino,Porzio,3409514897
FrancescoStorladi,Francesco,Storladi,3715724166
RamonaCeravolo,Ramona,Ceravolo,3512681214
LaureanoMengolo,Laureano,Mengolo,3850993995
AzeglioCuratoli,Azeglio,Curatoli,3493598658
LillaDoglioni,Lilla,Doglioni,3519341916
ImeldaTelesio,Imelda,Telesio,3313298164
DonatellaRenier,Donatella,Renier,3511794841
LorettaPuglisi,Loretta,Puglisi,3516472352
AlessiaCanali,Alessia,Canali,3533440736
NinaMorucci,Nina,Morucci,3774221318
GastoneCallegaro,Gastone,Callegaro,3360783381
AdamoRuberto,Adamo,Ruberto,3510638085
PompeoZamorani,Pompeo,Zamorani,3510869438
AngelicaNordio,Angelica,Nordio,3514747345
MarissaMontesano,Marissa,Montesano,3533929043
GiuliettaPausini,Giulietta,Pausini,3511663572
VirgilioFerragni,Virgilio,Ferragni,3500234771
VincentioGiannone,Vincentio,Giannone,3452104161
AriaRenzi,Aria,Renzi,3703502114
EmmaSpinola,Emma,Spinola,3802625412
GermanaAvogadro,Germana,Avogadro,3440671139
PiergiorgioVerdone,Piergiorgio,Verdone,3757407184
ValerioStradivari,Valerio,Stradivari,3312651192
AlbericoRinaldi,Alberico,Rinaldi,3403395712
RosarioGargallo,Rosario,Gargallo,3500429731
SantinoSaffi,Santino,Saffi,3534491112
AnnamariaGotti,Annamaria,Gotti,3519000878
GiacintoPuccini,Giacinto,Puccini,3492064037
MirkoPizziol,Mirko,Pizziol,3533859712
RobertoAporti,Roberto,Aporti,3715008501
RanieriPometta,Ranieri,Pometta,3518995270
ClaudiaFranceschi,Claudia,Franceschi,3701655378
RenataJuvara,Renata,Juvara,3275735969
AmaliaBabato,Amalia,Babato,3714923092
ConcettaBrunelleschi,Concetta,Brunelleschi,3732533330
ErikaSimeoni,Erika,Simeoni,3757497708
CassandraPedrazzini,Cassandra,Pedrazzini,3311739926
MarcelloFoa,Marcello,Foa,3634766042
GrecaMontesano,Greca,Montesano,3359418136
IgnazioGori,Ignazio,Gori,3408111327
GionataRastelli,Gionata,Rastelli,3367262509
VirginiaAulenti,Virginia,Aulenti,3512555384
AlfredoDonatoni,Alfredo,Donatoni,3442181067
TemistocleInterminelli,Temistocle,Interminelli,3625952981
PuccioTuzzolino,Puccio,Tuzzolino,3756695502
RaffaelloAngeli,Raffaello,Angeli,3406937294
FiorenzoBonolis,Fiorenzo,Bonolis,3791974273
GuarinoGiacconi,Guarino,Giacconi,3887382548
NicoDallara,Nico,Dallara,3446218191
SantinoNatta,Santino,Natta,3793719515
FerdinandoTolentino,Ferdinando,Tolentino,3345896913
GiorgioMennea,Giorgio,Mennea,3517151644
JacopoComeriato,Jacopo,Comeriato,3772282008
LambertoEndrizzi,Lamberto,Endrizzi,3505278562
StefaniaLuxardo,Stefania,Luxardo,3514560138
NiccolòSeddio,Niccolò,Seddio,3713996094
GianpaoloBellucci,Gianpaolo,Bellucci,3774236212
MarianaZiani,Mariana,Ziani,3399943757
IsabellaLippomano,Isabella,Lippomano,3288675710
IlariaGradenigo,Ilaria,Gradenigo,3624307518
RossanaCaffarelli,Rossana,Caffarelli,3935256825
AmedeoEmo,Amedeo,Emo,3511963020
RicciottiMarino,Ricciotti,Marino,3436099135
FloraNibali,Flora,Nibali,3454924050
AngelicaSauro,Angelica,Sauro,3229621693
CiprianoPastine,Cipriano,Pastine,3812516461
AngelinaGottardi,Angelina,Gottardi,3514244308
BereniceVerdi,Berenice,Verdi,3422548081
PiermariaBadoer,Piermaria,Badoer,3359880163
RobertaNiscoromni,Roberta,Niscoromni,3514450836
EnzioUdinese,Enzio,Udinese,3270607273
AnnunziataTrincavelli,Annunziata,Trincavelli,3701350519
AmicoParpinel,Amico,Parpinel,3533154906
RosaliaTelesio,Rosalia,Telesio,3907390925
EdoardoCaetani,Edoardo,Caetani,3516486526
PatriziaScarponi,Patrizia,Scarponi,3714179543
GinoFoconi,Gino,Foconi,3466620548
OrnellaEmanuelli,Ornella,Emanuelli,3902023467
FulvioVigliotti,Fulvio,Vigliotti,3906075386
PaolaTravaglio,Paola,Travaglio,3287403291
GuidoFolliero,Guido,Folliero,3713927376
FiammaDoria,Fiamma,Doria,3850735936
GoffredoMimun,Goffredo,Mimun,3337675386
IlariaNibali,Ilaria,Nibali,3463883997
ToniaTosto,Tonia,Tosto,3404187438
GiacobbePeano,Giacobbe,Peano,3520339198
FilippoChittolini,Filippo,Chittolini,3620105539
AlinaGabba,Alina,Gabba,3510826414
ElisaCadorna,Elisa,Cadorna,3779706467
BeppeMuti,Beppe,Muti,3311602936
SalviDruso,Salvi,Druso,3375257546
TemistocleAlonzi,Temistocle,Alonzi,3373851012
UgoSansoni,Ugo,Sansoni,3334633634
LodovicoGuarato,Lodovico,Guarato,3231654754
GiulianaLigorio,Giuliana,Ligorio,3757607649
NinoSatriani,Nino,Satriani,3235198316
EnnioPaolini,Ennio,Paolini,3368951504
FiorinoMaglio,Fiorino,Maglio,3757660578
RaimondoCilibrasi,Raimondo,Cilibrasi,3204473480
GabriellaMontalcini,Gabriella,Montalcini,3701919083
TullioCremonesi,Tullio,Cremonesi,3295748489
MarissaDuodo,Marissa,Duodo,3438204844
EttaOnio,Etta,Onio,3505839395
PiergiorgioLiverotti,Piergiorgio,Liverotti,3713606829
LolitaDallapé,Lolita,Dallapé,3777499535
AnsaldoNotarbartolo,Ansaldo,Notarbartolo,3511069449
MirkoGuinizzelli,Mirko,Guinizzelli,3714951681
AmandaSoranzo,Amanda,Soranzo,3613936929
LaureanoFantozzi,Laureano,Fantozzi,3713374884
VictoriaPapetti,Victoria,Papetti,3910190872
GustavoBompiani,Gustavo,Bompiani,3885545415
IvanDepero,Ivan,Depero,3832002939
NicolettaMagnani,Nicoletta,Magnani,3559754304
BereniceBernardi,Berenice,Bernardi,3520553959
LauraMengolo,Laura,Mengolo,3409078869
TizianaVerdone,Tiziana,Verdone,3516378356
IvoTarantini,Ivo,Tarantini,3715282492
LivioRespighi,Livio,Respighi,3757060033
PatrizioSolimena,Patrizio,Solimena,3512750313
GionataSchiaparelli,Gionata,Schiaparelli,3286938590
ArnaldoVezzali,Arnaldo,Vezzali,3388774559
DelfinoMiniati,Delfino,Miniati,3516321993
ElmoMazzeo,Elmo,Mazzeo,3533822490
AdamoFolliero,Adamo,Folliero,3612841103
LucianaSperi,Luciana,Speri,3500590302
AlfredoRensi,Alfredo,Rensi,3236360179
TorquatoAgostini,Torquato,Agostini,3500640854
GiulianaDovara,Giuliana,Dovara,3501554468
RaffaellaBresciani,Raffaella,Bresciani,3341985886
RamonaAntonucci,Ramona,Antonucci,3757713457
PaoloBajamonti,Paolo,Bajamonti,3287753579
ArsenioCortese,Arsenio,Cortese,3510244209
GermanaAlfieri,Germana,Alfieri,3395615598
LucianoTrincavelli,Luciano,Trincavelli,3471177177
VincenzaTozzo,Vincenza,Tozzo,3230612965
FabriziaPisacane,Fabrizia,Pisacane,3374652108
PasqualFoa,Pasqual,Foa,3778819352
PuccioAriasso,Puccio,Ariasso,3817376705
UgolinoLussu,Ugolino,Lussu,3311805161
VirginiaSbarbaro,Virginia,Sbarbaro,3791688526
SergiusBabato,Sergius,Babato,3287920864
LucianoSantoro,Luciano,Santoro,3459163055
SoleIacovelli,Sole,Iacovelli,3778932673
GiadaTrevisani,Giada,Trevisani,3792432763
EnzioZamengo,Enzio,Zamengo,3780680252
GianfrancescoMalaparte,Gianfrancesco,Malaparte,3283847934
LilianaBiagiotti,Liliana,Biagiotti,3533628528
RosaliaLippomano,Rosalia,Lippomano,3716233100
GloriaBarcella,Gloria,Barcella,3812261241
MelissaMurialdo,Melissa,Murialdo,3714283424
PaolettaAgostini,Paoletta,Agostini,3557129226
DanieleAnguillara,Daniele,Anguillara,3791236983
LucaPalladio,Luca,Palladio,3311771689
LorenzoValguarnera,Lorenzo,Valguarnera,3817315443
LaureanoTrevisani,Laureano,Trevisani,3770991234
CaterinaPeano,Caterina,Peano,3335353798
VittorioTrotta,Vittorio,Trotta,3395610742
AlfioCollina,Alfio,Collina,3791351852
CeciliaRandazzo,Cecilia,Randazzo,3793375825
MariaPisano,Maria,Pisano,3534624672
CiprianoFoa,Cipriano,Foa,3355903597
MassimoDallara,Massimo,Dallara,3510159441
AmicoVisintini,Amico,Visintini,3411626917
MauroBova,Mauro,Bova,3515230715
MercedesBabbo,Mercedes,Babbo,3760481622
AmandaAntelami,Amanda,Antelami,3495446254
IppazioVergerio,Ippazio,Vergerio,3636885498
GianfrancescoCannizzaro,Gianfrancesco,Cannizzaro,3757855416
CristinaSabatini,Cristina,Sabatini,3533728729
AngelinaScarpetta,Angelina,Scarpetta,3772227820
CalogeroRiccati,Calogero,Riccati,3931319307
ImeldaGiacconi,Imelda,Giacconi,3511286390
PanfiloRastelli,Panfilo,Rastelli,3514698862
VincentioInteriano,Vincentio,Interiano,3443102414
ArnaldoDallara,Arnaldo,Dallara,3482687604
MariaPrati,Maria,Prati,3625400710
ArnaldoMetella,Arnaldo,Metella,3739618347
RominaFederico,Romina,Federico,3302348002
AlfredoTomei,Alfredo,Tomei,3780148144
MirkoMiniati,Mirko,Miniati,3429587594
OttavioCondoleo,Ottavio,Condoleo,3231963246
ElenaMorlacchi,Elena,Morlacchi,3807486812
RomoloSemitecolo,Romolo,Semitecolo,3312733562
GrecaMarini,Greca,Marini,3500544306
DinaBerrè,Dina,Berrè,3774436159
NinoSpanevello,Nino,Spanevello,3732440502
EdoardoCastellitto,Edoardo,Castellitto,3664719070
MicheleBenedetti,Michele,Benedetti,3855674398
NapoleoneLussu,Napoleone,Lussu,3793699467
UbaldoAbba,Ubaldo,Abba,3520470646
UbertoManacorda,Uberto,Manacorda,3317190427
RenataFerrara,Renata,Ferrara,3663505156
MichelangeloTarantini,Michelangelo,Tarantini,3505994703
LilianaGiannuzzi,Liliana,Giannuzzi,3388946581
ErmesTrobbiani,Ermes,Trobbiani,3714312797
ArsenioBiagiotti,Arsenio,Biagiotti,3455430943
GianfrancoBabati,Gianfranco,Babati,3737622701
NataliaCaracciolo,Natalia,Caracciolo,3927763819
SaverioCesarotti,Saverio,Cesarotti,3683514731
GiacobbeGussoni,Giacobbe,Gussoni,3733123020
MargheritaDallapé,Margherita,Dallapé,3609335008
MassimilianoSolari,Massimiliano,Solari,3756437169
SimonettaRuggeri,Simonetta,Ruggeri,3760080378
AdelmoAlighieri,Adelmo,Alighieri,3517358336
EnricoCuzzocrea,Enrico,Cuzzocrea,3271282663
MarinaCamiscione,Marina,Camiscione,3514361485
SergiusVisconti,Sergius,Visconti,3441336851
RaffaellinoBignardi,Raffaellino,Bignardi,3716445184
FernandaPisaroni,Fernanda,Pisaroni,3893950585
PiersantiScarponi,Piersanti,Scarponi,3680939042
SusannaRitacca,Susanna,Ritacca,3774792696
LucreziaPerini,Lucrezia,Perini,3701004302
CoriolanoScialpi,Coriolano,Scialpi,3220123678
MarisaPaolini,Marisa,Paolini,3342545285
GiadaPagliaro,Giada,Pagliaro,3505331014
PiermariaFavata,Piermaria,Favata,3776034313
GiadaFlorio,Giada,Florio,3358211034
CesareMancini,Cesare,Mancini,3773798215
VanessaNosiglia,Vanessa,Nosiglia,3427527462
RenataMoneta,Renata,Moneta,3500105301
PatriziaNievo,Patrizia,Nievo,3823600319
MarinaCilibrasi,Marina,Cilibrasi,3513629502
AmandaCoardi,Amanda,Coardi,3770564547
MarissaPersico,Marissa,Persico,3505314920
OrazioIannelli,Orazio,Iannelli,3513213122
MarissaZeffirelli,Marissa,Zeffirelli,3276231633
MarcelloGilardoni,Marcello,Gilardoni,3354015456
SeverinoCarosone,Severino,Carosone,3511476353
MatildaDuse,Matilda,Duse,3770019143
VincenzoAlighieri,Vincenzo,Alighieri,3714067998
GraziellaBenigni,Graziella,Benigni,3776617627
VictoriaStein,Victoria,Stein,3224040894
GelsominaAvogadro,Gelsomina,Avogadro,3282053097
TeresaPiccinni,Teresa,Piccinni,3480560014
AlfredoSabatini,Alfredo,Sabatini,3380167818
AntoniaTommaseo,Antonia,Tommaseo,3778124514
MelaniaGiannelli,Melania,Giannelli,3617135064
ValentinaBellò,Valentina,Bellò,3851515560
FlaviaNavone,Flavia,Navone,3365839890
NicolòVerdone,Nicolò,Verdone,3770457058
LucianoFaugno,Luciano,Faugno,3681737865
RosaliaGrossi,Rosalia,Grossi,3449672240
BernardoBragadin,Bernardo,Bragadin,3776193847
PellegrinoGangemi,Pellegrino,Gangemi,3534604516
LiviaVisintini,Livia,Visintini,3621960662
UgoMonti,Ugo,Monti,3364948616
PierinaMicheletti,Pierina,Micheletti,3533986052
ToninoMorandini,Tonino,Morandini,3733411026
ValerioAriosto,Valerio,Ariosto,3783313202
SanteGiunti,Sante,Giunti,3384170206
StefanoMunari,Stefano,Munari,3246381831
MarioGiannone,Mario,Giannone,3793732968
OlgaPausini,Olga,Pausini,3304592684
MarcantonioSpadafora,Marcantonio,Spadafora,3623894390
BarbaraNicoletti,Barbara,Nicoletti,3713102459
GianmarcoSurian,Gianmarco,Surian,3776001441
EdoardoSbarbaro,Edoardo,Sbarbaro,3773161055
EugeniaMoschino,Eugenia,Moschino,3627081426
OresteBongiorno,Oreste,Bongiorno,3625931630
ValentinaGolino,Valentina,Golino,3819024145
MarcantonioPedroni,Marcantonio,Pedroni,3661359073
AnnettaDandolo,Annetta,Dandolo,3622729771
RomanCrespi,Roman,Crespi,3779975575
MatildaSgalambro,Matilda,Sgalambro,3403218814
GiulianaPirandello,Giuliana,Pirandello,3505140123
NeddaBoiardo,Nedda,Boiardo,3852014884
CostantinoCantimori,Costantino,Cantimori,3533876927
LaureanoDulbecco,Laureano,Dulbecco,3755779925
RobertoZampa,Roberto,Zampa,3711844574
RobertoCristoforetti,Roberto,Cristoforetti,3384151770
ErmenegildoUbaldi,Ermenegildo,Ubaldi,3920606331
MarisaAgostinelli,Marisa,Agostinelli,3443521234
AntonelloCatalano,Antonello,Catalano,3226761201
LodovicoGaleati,Lodovico,Galeati,3304227085
ParideVilladicani,Paride,Villadicani,3515100211
RomeoGiacometti,Romeo,Giacometti,3820922991
GloriaVarano,Gloria,Varano,3358959807
LiviaBiagi,Livia,Biagi,3433902955
AntoniettaCelentano,Antonietta,Celentano,3512480125
AlfredoZaccardo,Alfredo,Zaccardo,3660980656
RomeoRossini,Romeo,Rossini,3201920708
LodovicoTerragni,Lodovico,Terragni,3516792348
ClaudiaBergoglio,Claudia,Bergoglio,3772251279
GrazianoNapolitano,Graziano,Napolitano,3275975921
TelemacoFavata,Telemaco,Favata,3443004958
RobertaLovato,Roberta,Lovato,3915679140
GianfrancescoBacosi,Gianfrancesco,Bacosi,3553008208
SimoneMalacarne,Simone,Malacarne,3760232135
OlgaCabrini,Olga,Cabrini,3776710698
MauroFlorio,Mauro,Florio,3885674996
VirginiaGiorgetti,Virginia,Giorgetti,3976225898
VittoriaCombi,Vittoria,Combi,3807111856
LandoSanguineti,Lando,Sanguineti,3501657158
LucaMercantini,Luca,Mercantini,3772708314
FiorenzoOssani,Fiorenzo,Ossani,3398483531
AlessandroCagnin,Alessandro,Cagnin,3377311502
CesareAlbertini,Cesare,Albertini,3606804618
RaffaellaMaglio,Raffaella,Maglio,3600441934
AnnunziataBossi,Annunziata,Bossi,3634670780
ElladioSeddio,Elladio,Seddio,3760801237
RonaldoLucciano,Ronaldo,Lucciano,3780013266
PieroFaugno,Piero,Faugno,3480405740
GiustinoPerini,Giustino,Perini,3367202274
CeciliaOrlando,Cecilia,Orlando,3505491969
PellegrinoBaresi,Pellegrino,Baresi,3856601074
MarcellaCeschi,Marcella,Ceschi,3505547832
MarcoBarozzi,Marco,Barozzi,3792497486
EttoreRossellini,Ettore,Rossellini,3605591994
ValerioMarcacci,Valerio,Marcacci,3347520239
AlderanoGuarato,Alderano,Guarato,3513384042
AllegraBertoni,Allegra,Bertoni,3621439107
FredoCarfagna,Fredo,Carfagna,3509208005
SimonettaMarenzio,Simonetta,Marenzio,3311142523
LeonardoCatenazzi,Leonardo,Catenazzi,3973134902
PierAmaldi,Pier,Amaldi,3770275898
ArsenioZanichelli,Arsenio,Zanichelli,3715284599
SabatinoSperi,Sabatino,Speri,3517551721
TorquatoTomei,Torquato,Tomei,3511526885
LiviaAmaldi,Livia,Amaldi,3716463756
EmmaMaccanelli,Emma,Maccanelli,3716179251
AlinaMontanariello,Alina,Montanariello,3624872714
GioffreBertolucci,Gioffre,Bertolucci,3703694139
DariaMercati,Daria,Mercati,3519435459
AntonellaPignatti,Antonella,Pignatti,3501271930
RobertoPiccio,Roberto,Piccio,3830291558
RosaliaPiane,Rosalia,Piane,3331228758
RosinaCainero,Rosina,Cainero,3791332061
RenataGori,Renata,Gori,3308481706
NicoDeledda,Nico,Deledda,3793497672
AlphonsMarsili,Alphons,Marsili,3791644831
AugustoMorandini,Augusto,Morandini,3600842635
PierinaSolari,Pierina,Solari,3515706117
AllegraRastelli,Allegra,Rastelli,3783879023
ElisaCattaneo,Elisa,Cattaneo,3416225867
TizianaMarenzio,Tiziana,Marenzio,3774035405
PatriziaBergoglio,Patrizia,Bergoglio,3733915784
ErnestoRossini,Ernesto,Rossini,3669918958
RolandoAbba,Rolando,Abba,3905571273
IrmaPareto,Irma,Pareto,3429333292
LuchinoDonarelli,Luchino,Donarelli,3206241691
FaustoStaglieno,Fausto,Staglieno,3667814788
RamonaFantozzi,Ramona,Fantozzi,3857590978
NinettaPastine,Ninetta,Pastine,3516153301
SylviaGemito,Sylvia,Gemito,3316537706
MonicaSagredo,Monica,Sagredo,3240443426
PatrizioBenigni,Patrizio,Benigni,3713740434
LauraCapecchi,Laura,Capecchi,3815184540
GiacomoNadi,Giacomo,Nadi,3233712975
AzeglioSalvo,Azeglio,Salvo,3318220119
VittorioEco,Vittorio,Eco,3898965585
GiampaoloVeltroni,Giampaolo,Veltroni,3680075399
DuranteSquarcione,Durante,Squarcione,3519951586
FerdinandoGibilisco,Ferdinando,Gibilisco,3603740088
IlariaCainero,Ilaria,Cainero,3791435852
BernardoPergolesi,Bernardo,Pergolesi,3311959533
OttavioTaccola,Ottavio,Taccola,3791698084
SusannaCostalonga,Susanna,Costalonga,3445406685
AnitaBassi,Anita,Bassi,3310702648
SeverinoComisso,Severino,Comisso,3760322661
NataliaGiacconi,Natalia,Giacconi,3342235058
RonaldoMoresi,Ronaldo,Moresi,3703749690
EdoardoPareto,Edoardo,Pareto,3715700639
GermanaCaetani,Germana,Caetani,3514013999
UbertoPiacentini,Uberto,Piacentini,3701971784
SaverioMoccia,Saverio,Moccia,3501828287
DanteTafuri,Dante,Tafuri,3601063076
RonaldoCanali,Ronaldo,Canali,3920890008
RamonaFlaiano,Ramona,Flaiano,3470962222
DanieleAlboni,Daniele,Alboni,3778986795
RoccoMontesano,Rocco,Montesano,3447312353
DinoAldobrandi,Dino,Aldobrandi,3204149913
GabrieleBotticelli,Gabriele,Botticelli,3533726421
BartolomeoMichelangeli,Bartolomeo,Michelangeli,3896840409
GianlucaBasso,Gianluca,Basso,3519886257
LaurettaMaderno,Lauretta,Maderno,3399504157
LivioMantegna,Livio,Mantegna,3513840186
AnitaToninelli,Anita,Toninelli,3774506868
AmadeoFattori,Amadeo,Fattori,3770480149
ElenaAdinolfi,Elena,Adinolfi,3792337863
ErmenegildoSerlupi,Ermenegildo,Serlupi,3351728355
SalviVisintini,Salvi,Visintini,3330799389
PiergiorgioFalloppio,Piergiorgio,Falloppio,3430296808
MilenaBertolucci,Milena,Bertolucci,3223512565
GioachinoCasalodi,Gioachino,Casalodi,3301403047
SylviaOrengo,Sylvia,Orengo,3710515351
OrnellaPaltrinieri,Ornella,Paltrinieri,3339478490
AlessiaDallara,Alessia,Dallara,3776200012
RaffaellinoScarpa,Raffaellino,Scarpa,3710783759
SoleMaglio,Sole,Maglio,3398489033
SilviaFabrizi,Silvia,Fabrizi,3533037906
AdelasiaIoppi,Adelasia,Ioppi,3245642576
PaolaLuna,Paola,Luna,3792719263
TorquatoManunta,Torquato,Manunta,3773826624
ArsenioParpinel,Arsenio,Parpinel,3714903253
MercedesRusso,Mercedes,Russo,3800434325
StefaniPavone,Stefani,Pavone,3783443095
GoffredoTagliafierro,Goffredo,Tagliafierro,3701041860
LambertoRastelli,Lamberto,Rastelli,3825234433
PasqualeGuidotti,Pasquale,Guidotti,3511412229
AngeloFerragni,Angelo,Ferragni,3773688906
GiacomoMondadori,Giacomo,Mondadori,3783408830
RembrandtPizziol,Rembrandt,Pizziol,3715622084
DaniloLeoncavallo,Danilo,Leoncavallo,3500356342
BaccioMocenigo,Baccio,Mocenigo,3774663639
RominaPastine,Romina,Pastine,3770941125
ToninoGinese,Tonino,Ginese,3513777705
PiermariaFerrazzi,Piermaria,Ferrazzi,3711171132
EugeniaPastine,Eugenia,Pastine,3780786276
MarissaBadoer,Marissa,Badoer,3468201976
GioeleBrichese,Gioele,Brichese,3682802569
OresteSorrentino,Oreste,Sorrentino,3735197034
