full_name,first_name,last_name,number
PiergiuseppePerini,Piergiuseppe,Perini,3883042241
RicciottiPignatti,Ricciotti,Pignatti,3427219654
SanteFavata,Sante,Favata,3519703355
LetiziaPoerio,Letizia,Poerio,3533242305
MichelaAlfieri,Michela,Alfieri,3429690204
BartolomeoMaderna,Bartolomeo,Maderna,3391915121
AmletoLombroso,Amleto,Lombroso,3734737881
FederigoPiane,Federigo,Piane,3516514391
LucreziaPetrucci,Lucrezia,Petrucci,3805342762
GianmarcoNordio,Gianmarco,Nordio,3711973519
EvangelistaGagliardi,Evangelista,Gagliardi,3880310724
LandoGaggini,Lando,Gaggini,3611150562
GioffreVisconti,Gioffre,Visconti,3500060260
UbaldoQuasimodo,Ubaldo,Quasimodo,3533095755
SeverinoPietrangeli,Severino,Pietrangeli,3496549058
DionigiIannelli,Dionigi,Iannelli,3465254146
GastoneAgostini,Gastone,Agostini,3278365525
EnzioVisconti,Enzio,Visconti,3660493209
SophiaVecellio,Sophia,Vecellio,3514838220
GiacobbePorzio,Giacobbe,Porzio,3511312803
AngelicaTraversa,Angelica,Traversa,3888559320
MarissaGalvani,Marissa,Galvani,3378686918
MarcoProietti,Marco,Proietti,3828624701
MorenaPiacentini,Morena,Piacentini,3404384505
ConcettaCimarosa,Concetta,Cimarosa,3505638204
AmletoBalbo,Amleto,Balbo,3443698222
SalviNicoletti,Salvi,Nicoletti,3622054816
StellaCastiglione,Stella,Castiglione,3757562897
RosariaFalcone,Rosaria,Falcone,3701111745
LucreziaParisi,Lucrezia,Parisi,3834257412
AlderanoVillarosa,Alderano,Villarosa,3311324983
NinoCociarelli,Nino,Cociarelli,3234362962
VincentioMaglio,Vincentio,Maglio,3683959482
AntonioMoresi,Antonio,Moresi,3772359096
GaetanoBotta,Gaetano,Botta,3383922351
SalviGangemi,Salvi,Gangemi,3473562469
AngelinaSchiavone,Angelina,Schiavone,3510126867
StellaFermi,Stella,Fermi,3351554343
BaccioBaresi,Baccio,Baresi,3517255726
NicolòTrebbi,Nicolò,Trebbi,3682061100
GioffreMorrocco,Gioffre,Morrocco,3778549126
AtenulfSokolov,Atenulf,Sokolov,3271938399
RembrandtMimun,Rembrandt,Mimun,3914259449
GionataVenturi,Gionata,Venturi,3770078063
GelsominaMantegazza,Gelsomina,Mantegazza,3221899927
GioeleTognazzi,Gioele,Tognazzi,3362000049
RomoloPisano,Romolo,Pisano,3505973226
AntoninaFlaiano,Antonina,Flaiano,3825229501
AnnamariaPerozzo,Annamaria,Perozzo,3792473331
PierangeloMontesano,Pierangelo,Montesano,3918584946
AuroraPincherle,Aurora,Pincherle,3711504540
FedericoSgalambro,Federico,Sgalambro,3314836094
ArturoStucchi,Arturo,Stucchi,3377766165
GiustinoCilea,Giustino,Cilea,3520888296
FabrizioComboni,Fabrizio,Comboni,3716835696
LuisaPerozzo,Luisa,Perozzo,3349613093
GriseldaMorabito,Griselda,Morabito,3516039895
AngelicaTrentini,Angelica,Trentini,3451432842
CaterinaNosiglia,Caterina,Nosiglia,3755392666
MorenaMascheroni,Morena,Mascheroni,3501730685
SalvatoreGrossi,Salvatore,Grossi,3407954858
PompeoGrimani,Pompeo,Grimani,3505347134
SalviSchiavo,Salvi,Schiavo,3505702787
SylviaMazzi,Sylvia,Mazzi,3776338577
MelissaSalvemini,Melissa,Salvemini,3772578994
PierpaoloCaironi,Pierpaolo,Caironi,3500487333
GustavoQuerini,Gustavo,Querini,3835382117
BrunoValguarnera,Bruno,Valguarnera,3511125626
AnnamariaRenier,Annamaria,Renier,3783239924
GalassoBurcardo,Galasso,Burcardo,3737079798
ViridianaGinesio,Viridiana,Ginesio,3298288268
GioachinoRossellini,Gioachino,Rossellini,3556951786
AngelicaPizziol,Angelica,Pizziol,3736419952
RolandoPezzali,Rolando,Pezzali,3505219850
CorradoMascagni,Corrado,Mascagni,3773205565
PierpaoloCicala,Pierpaolo,Cicala,3715581279
LorenzoMondadori,Lorenzo,Mondadori,3331845324
ErmannoBattelli,Ermanno,Battelli,3733891182
RomoloMurri,Romolo,Murri,3319752091
PompeoTedesco,Pompeo,Tedesco,3229665776
UbaldoCaffarelli,Ubaldo,Caffarelli,3500904641
GianfrancescoTraversa,Gianfrancesco,Traversa,3513164386
BenedettoBusoni,Benedetto,Busoni,3715189301
RominaGrassi,Romina,Grassi,3517963492
DelfinoTedesco,Delfino,Tedesco,3922337974
LiciaMunari,Licia,Munari,3780609808
GiuseppinaAlmagià,Giuseppina,Almagià,3395152943
GioacchinoBorgia,Gioacchino,Borgia,3760077057
ElmoPetrocelli,Elmo,Petrocelli,3509933351
AntonelloRavaglioli,Antonello,Ravaglioli,3438645253
VanessaPiccio,Vanessa,Piccio,3837094550
CleliaGemito,Clelia,Gemito,3520751702
FloraPaolini,Flora,Paolini,3703735129
GiannaManzoni,Gianna,Manzoni,3616944364
AnsaldoBataglia,Ansaldo,Bataglia,3882997884
GioachinoInteriano,Gioachino,Interiano,3777623166
NinoZaguri,Nino,Zaguri,3713630656
MauroFallaci,Mauro,Fallaci,3432689543
CleliaFagiani,Clelia,Fagiani,3359239884
BeatriceComisso,Beatrice,Comisso,3533626375
MauroTarchetti,Mauro,Tarchetti,3606987130
CaterinaBoito,Caterina,Boito,3312829208
RoccoSpadafora,Rocco,Spadafora,3827222533
FedericoPizzo,Federico,Pizzo,3777790718
LodovicoSbarbaro,Lodovico,Sbarbaro,3399535232
GaetanoZichichi,Gaetano,Zichichi,3809916577
SusannaPedersoli,Susanna,Pedersoli,3703441914
EmmaLanfranchi,Emma,Lanfranchi,3774366875
ArmandoBroggini,Armando,Broggini,3701691675
GianniPizziol,Gianni,Pizziol,3730517636
SoleMedici,Sole,Medici,3534488837
FiorenzoBeccaria,Fiorenzo,Beccaria,3520165601
FrancescaPellegrini,Francesca,Pellegrini,3774066725
VincenzaCarriera,Vincenza,Carriera,3925620998
ToniRossi,Toni,Rossi,3200691026
EleanoraBernetti,Eleanora,Bernetti,3200198928
BenedettoSalata,Benedetto,Salata,3244173074
FrancescaBorsiere,Francesca,Borsiere,3773598056
TorquatoCuratoli,Torquato,Curatoli,3783509527
CiroBruscantini,Ciro,Bruscantini,3416427576
GuarinoCattaneo,Guarino,Cattaneo,3733189298
HugoPertile,Hugo,Pertile,3533137446
PellegrinoRienzo,Pellegrino,Rienzo,3601879040
EnzioSpallanzani,Enzio,Spallanzani,3411618230
GrecoCagnotto,Greco,Cagnotto,3501184421
CamillaPagnotto,Camilla,Pagnotto,3902278226
AdelasiaFerrari,Adelasia,Ferrari,3533653428
GeronimoAntonioni,Geronimo,Antonioni,3808324264
MariaBotta,Maria,Botta,3820354437
AugustoCerquiglini,Augusto,Cerquiglini,3898995675
MichelaRusso,Michela,Russo,3519700826
DomenicoAldobrandi,Domenico,Aldobrandi,3518260334
GianfrancoCendron,Gianfranco,Cendron,3783196518
AtenulfChechi,Atenulf,Chechi,3516011407
GiorgiaScarlatti,Giorgia,Scarlatti,3774050956
LuisaRuggieri,Luisa,Ruggieri,3311603601
DomenicoBaresi,Domenico,Baresi,3783705817
SandraGiolitti,Sandra,Giolitti,3428674539
DinoVergassola,Dino,Vergassola,3634340855
RaffaellinoPriuli,Raffaellino,Priuli,3772642849
BerenicePertile,Berenice,Pertile,3244485293
ChiaraScaramucci,Chiara,Scaramucci,3284832486
FortunataMagnani,Fortunata,Magnani,3716165213
LisaPederiva,Lisa,Pederiva,3917088658
CostanzoDetti,Costanzo,Detti,3533810360
GabriellaBembo,Gabriella,Bembo,3284639858
DamianoOlivetti,Damiano,Olivetti,3772309150
CoriolanoBarberini,Coriolano,Barberini,3773120434
MarcelloMontanari,Marcello,Montanari,3976633198
CoriolanoLiverotti,Coriolano,Liverotti,3399433690
VirgilioDonatoni,Virgilio,Donatoni,3516223597
LidiaBerengario,Lidia,Berengario,3777983879
IvoGiolitti,Ivo,Giolitti,3773465237
RosaliaCerquiglini,Rosalia,Cerquiglini,3344019610
MassimoTrupiano,Massimo,Trupiano,3716258994
AntoninaTrevisan,Antonina,Trevisan,3533025282
AnnettaBrunello,Annetta,Brunello,3400918687
CarmeloIacobucci,Carmelo,Iacobucci,3607178184
GianlucaGovoni,Gianluca,Govoni,3511332835
EleanoraMazzanti,Eleanora,Mazzanti,3883312122
MonicaDallara,Monica,Dallara,3247428249
EugeniaSantorio,Eugenia,Santorio,3777477395
PompeoMuratori,Pompeo,Muratori,3515125508
GianniVendetti,Gianni,Vendetti,3365942576
RenzoAmaldi,Renzo,Amaldi,3914290246
SeverinoPorcellato,Severino,Porcellato,3509604974
VitoPagliaro,Vito,Pagliaro,3515860749
AlfioAbba,Alfio,Abba,3405494240
GioffreLanfranchi,Gioffre,Lanfranchi,3829764737
SandroVillarosa,Sandro,Villarosa,3711262377
SoleBruno,Sole,Bruno,3500805881
LuciaGoldstein,Lucia,Goldstein,3500365158
MariaMajewski,Maria,Majewski,3552314511
NiccolòVerdi,Niccolò,Verdi,3516960534
SebastianoBonomo,Sebastiano,Bonomo,3369998498
AlinaGucci,Alina,Gucci,3220716272
MonicaTrentini,Monica,Trentini,3386707783
NinoEmanuelli,Nino,Emanuelli,3510969660
LucianoRoero,Luciano,Roero,3515151980
VeronicaCastioni,Veronica,Castioni,3774005526
TatianaMazzi,Tatiana,Mazzi,3471220483
NapoleoneCapecchi,Napoleone,Capecchi,3500994774
GioachinoOrengo,Gioachino,Orengo,3778980116
RobertaBabato,Roberta,Babato,3512969370
DonatellaCagnotto,Donatella,Cagnotto,3921211276
CiprianoAnguillara,Cipriano,Anguillara,3776800213
MassimilianoRizzo,Massimiliano,Rizzo,3793871337
CalogeroSobrero,Calogero,Sobrero,3783245561
DariaAjello,Daria,Ajello,3501364586
AnitaMorlacchi,Anita,Morlacchi,3976390453
MarcoCrespi,Marco,Crespi,3409474775
AdrianoRossini,Adriano,Rossini,3533369198
PaulinaRossi,Paulina,Rossi,3311065516
PierluigiGentilini,Pierluigi,Gentilini,3779629905
EttoreGuicciardini,Ettore,Guicciardini,3760183458
DarioFerragamo,Dario,Ferragamo,3819727225
EvangelistaMarinetti,Evangelista,Marinetti,3776513891
RembrandtBonanno,Rembrandt,Bonanno,3857349323
GiulianoGiannetti,Giuliano,Giannetti,3388637594
CostantinoZoppetti,Costantino,Zoppetti,3780828689
LuisaVecellio,Luisa,Vecellio,3417970574
SoniaFranzese,Sonia,Franzese,3773755137
VincenzaMoschino,Vincenza,Moschino,3664517356
ElmoLigorio,Elmo,Ligorio,3511862351
PatrizioPugliese,Patrizio,Pugliese,3716843669
FortunataMontalti,Fortunata,Montalti,3774520233
ElladioGiacometti,Elladio,Giacometti,3277605882
RenzoDoglioni,Renzo,Doglioni,3510857360
GiannaGotti,Gianna,Gotti,3489962019
GiampaoloLuna,Giampaolo,Luna,3533193862
VanessaContrafatto,Vanessa,Contrafatto,3755511676
LuisaGozzano,Luisa,Gozzano,3613995936
AnitaGulotta,Anita,Gulotta,3429856982
GioeleScalera,Gioele,Scalera,3209027249
AnsaldoZabarella,Ansaldo,Zabarella,3559110998
ToninoPaganini,Tonino,Paganini,3793389510
ElmoMiniati,Elmo,Miniati,3811694763
EttoreTarchetti,Ettore,Tarchetti,3774195321
GastoneBalotelli,Gastone,Balotelli,3516629436
LoredanaTotino,Loredana,Totino,3901990690
LeopoldoBellò,Leopoldo,Bellò,3887270940
MariaBrancaccio,Maria,Brancaccio,3311718847
CassandraCabibbo,Cassandra,Cabibbo,3626156564
GianluigiGibilisco,Gianluigi,Gibilisco,3756528686
PompeoAsmundo,Pompeo,Asmundo,3280615985
GloriaCremonesi,Gloria,Cremonesi,3916289176
AntoninoGemito,Antonino,Gemito,3711569060
NicolòScotto,Nicolò,Scotto,3249401741
AntoninaCociarelli,Antonina,Cociarelli,3505000737
GraziellaTagliafierro,Graziella,Tagliafierro,3404058699
BaccioEndrizzi,Baccio,Endrizzi,3859663348
FabiaPagnotto,Fabia,Pagnotto,3701146057
HugoFilzi,Hugo,Filzi,3516980378
LorettaLiguori,Loretta,Liguori,3206254161
GiorgioGaito,Giorgio,Gaito,3701184889
PierSpinelli,Pier,Spinelli,3628819436
ArturoDossi,Arturo,Dossi,3668898102
MiloTaliani,Milo,Taliani,3505201246
GasparePetrassi,Gaspare,Petrassi,3294803686
GiampaoloPulci,Giampaolo,Pulci,3773429448
AntoninoCalvo,Antonino,Calvo,3829232696
VittorioGiovine,Vittorio,Giovine,3716273414
RosinaBelletini,Rosina,Belletini,3772714862
AngelicaRosselli,Angelica,Rosselli,3701065786
GaspareLussu,Gaspare,Lussu,3514128943
RobertaParini,Roberta,Parini,3757455053
GianpaoloBocca,Gianpaolo,Bocca,3534729133
PierGangemi,Pier,Gangemi,3512166013
RosaliaMissoni,Rosalia,Missoni,3701190899
AngeloFarina,Angelo,Farina,3509352754
BaccioBusoni,Baccio,Busoni,3793753089
MilenaVismara,Milena,Vismara,3716197887
MarisaCarfagna,Marisa,Carfagna,3516065852
StefaniaCeschi,Stefania,Ceschi,3518791447
OsvaldoValmarana,Osvaldo,Valmarana,3816454165
BiancaAntonacci,Bianca,Antonacci,3509453566
AdamoSermonti,Adamo,Sermonti,3488244966
DonnaFabrizi,Donna,Fabrizi,3973560347
EvaNecci,Eva,Necci,3614238812
ManuelCadorna,Manuel,Cadorna,3711265369
MarianoBragadin,Mariano,Bragadin,3511271692
GemmaLeonetti,Gemma,Leonetti,3792883665
CirilloMontesano,Cirillo,Montesano,3517459919
ArnulfoGiannini,Arnulfo,Giannini,3505530961
GiuliettaPisaroni,Giulietta,Pisaroni,3774119563
GiadaGabrieli,Giada,Gabrieli,3666507626
OttoneValmarana,Ottone,Valmarana,3711571712
AdrianoGiorgetti,Adriano,Giorgetti,3608633356
GiorgioPadovano,Giorgio,Padovano,3505292701
PierpaoloVespa,Pierpaolo,Vespa,3224716315
SaverioGiannelli,Saverio,Giannelli,3311152102
GustavoCesarotti,Gustavo,Cesarotti,3316173088
PanfiloMoccia,Panfilo,Moccia,3311439795
GiacobbeStaglieno,Giacobbe,Staglieno,3791901535
LeoneMartinelli,Leone,Martinelli,3466229085
ArsenioMaspero,Arsenio,Maspero,3978105277
IolandaFantozzi,Iolanda,Fantozzi,3853018906
GaetanoTomaselli,Gaetano,Tomaselli,3485823740
TatianaMalenchini,Tatiana,Malenchini,3930791338
DinaMilanesi,Dina,Milanesi,3244436890
LambertoGaggini,Lamberto,Gaggini,3937224533
CarloDuodo,Carlo,Duodo,3516016437
ElladioLeone,Elladio,Leone,3899371911
MarioCaboto,Mario,Caboto,3737051610
LazzaroGianinazzi,Lazzaro,Gianinazzi,3703013906
IolandaMaffei,Iolanda,Maffei,3291883916
PuccioMunari,Puccio,Munari,3505912939
LudovicoFicino,Ludovico,Ficino,3711308224
AlessioRiccardi,Alessio,Riccardi,3318697153
AntonioMarini,Antonio,Marini,3297463265
GianluigiSanguineti,Gianluigi,Sanguineti,3501198706
GriseldaScotto,Griselda,Scotto,3666553782
IlariaBurcardo,Ilaria,Burcardo,3370636709
AuroraVillarosa,Aurora,Villarosa,3516606733
EvaCarfagna,Eva,Carfagna,3805519285
PatriziaBulzoni,Patrizia,Bulzoni,3755587522
AnnamariaGoldoni,Annamaria,Goldoni,3519654779
DaniloGiulietti,Danilo,Giulietti,3519069599
PriscillaTiepolo,Priscilla,Tiepolo,3518014404
RomeoFanucci,Romeo,Fanucci,3512349371
RamonaBergoglio,Ramona,Bergoglio,3352603894
AlessiaSonnino,Alessia,Sonnino,3511435497
GioacchinoMalaparte,Gioacchino,Malaparte,3735733948
VeronicaAbbagnale,Veronica,Abbagnale,3407673904
FloraBondumier,Flora,Bondumier,3792768129
TinaPassalacqua,Tina,Passalacqua,3505869747
MarcoUghi,Marco,Ughi,3770021824
EnzioContrafatto,Enzio,Contrafatto,3731106822
TeresaFischetti,Teresa,Fischetti,3509634629
FilippoCostanzi,Filippo,Costanzi,3227457126
AdelmoPelli,Adelmo,Pelli,3911159965
AnnibaleRandazzo,Annibale,Randazzo,3501692334
DarioOnio,Dario,Onio,3701898991
GiampieroPadovano,Giampiero,Padovano,3776948966
RossanaCerutti,Rossana,Cerutti,3518932404
AnnamariaGualandi,Annamaria,Gualandi,3392121505
LuiginaCapuana,Luigina,Capuana,3904408902
FernandaMontanari,Fernanda,Montanari,3505873261
CaterinaFicino,Caterina,Ficino,3520206212
PompeoFranscini,Pompeo,Franscini,3399004969
FerdinandoQuasimodo,Ferdinando,Quasimodo,3316222192
CoriolanoCarnera,Coriolano,Carnera,3776066388
FlavioTartini,Flavio,Tartini,3490191091
VittorioArgento,Vittorio,Argento,3421127249
CarmeloOssani,Carmelo,Ossani,3770851318
LauraLuzi,Laura,Luzi,3734828619
GiampieroRandazzo,Giampiero,Randazzo,3227158514
CoriolanoMoresi,Coriolano,Moresi,3483949762
AldoMennea,Aldo,Mennea,3935127663
FabrizioMaspero,Fabrizio,Maspero,3484995752
GiulioTrevisani,Giulio,Trevisani,3397418363
LetiziaBernetti,Letizia,Bernetti,3756424865
NeddaSurian,Nedda,Surian,3348261553
GiulioCerutti,Giulio,Cerutti,3412980697
MelaniaGuglielmi,Melania,Guglielmi,3249791738
ValeriaChittolini,Valeria,Chittolini,3600647945
LucaGiannotti,Luca,Giannotti,3912262917
LidiaBosurgi,Lidia,Bosurgi,3224058172
MartinoTurci,Martino,Turci,3389115045
LuchinoRaurica,Luchino,Raurica,3779218771
PinaValentino,Pina,Valentino,3365830990
DuranteNosiglia,Durante,Nosiglia,3755872268
AmicoFerrari,Amico,Ferrari,3756451663
AnnunziataDallara,Annunziata,Dallara,3311871871
GloriaChigi,Gloria,Chigi,3517476351
GastoneFibonacci,Gastone,Fibonacci,3485375593
TullioTomasetti,Tullio,Tomasetti,3915628728
GioffreSalvemini,Gioffre,Salvemini,3791334389
RosariaVendetti,Rosaria,Vendetti,3936227020
SilvioToselli,Silvio,Toselli,3833889105
ColuccioLattuada,Coluccio,Lattuada,3519556068
SergiusGramsci,Sergius,Gramsci,3703889596
OresteFerrabosco,Oreste,Ferrabosco,3777717988
BernardoMorosini,Bernardo,Morosini,3902383721
LudovicoScotti,Ludovico,Scotti,3710569131
ValentinaMusatti,Valentina,Musatti,3432665384
JacopoStrangio,Jacopo,Strangio,3613683164
GrecaMiniati,Greca,Miniati,3315583351
AchillePignatti,Achille,Pignatti,3311993075
MargheritaBattaglia,Margherita,Battaglia,3430352815
RaffaellinoErrani,Raffaellino,Errani,3291235378
GinoMolesini,Gino,Molesini,3359910781
EraldoCasaleggio,Eraldo,Casaleggio,3760561634
CaterinaBrambilla,Caterina,Brambilla,3505635228
PaoloOrtese,Paolo,Ortese,3793436995
ElviraRosiello,Elvira,Rosiello,3206603608
StefanoFabrizi,Stefano,Fabrizi,3932051427
GalassoMedici,Galasso,Medici,3791874383
RitaScamarcio,Rita,Scamarcio,3882242815
GinoCasadei,Gino,Casadei,3714962248
MelinaChinnici,Melina,Chinnici,3312664885
GloriaLollobrigida,Gloria,Lollobrigida,3757161914
FilippaGuglielmi,Filippa,Guglielmi,3715339701
LidiaPaltrinieri,Lidia,Paltrinieri,3287105466
OrlandoTozzo,Orlando,Tozzo,3880285638
GuarinoChindamo,Guarino,Chindamo,3396086535
TizianaCollina,Tiziana,Collina,3500578848
NicoPuccini,Nico,Puccini,3505962865
LeoneBernini,Leone,Bernini,3783083229
CarmeloBenedetti,Carmelo,Benedetti,3383661227
DantePezzali,Dante,Pezzali,3839849341
AdamoRocca,Adamo,Rocca,3779528381
EnnioGiolitti,Ennio,Giolitti,3496051529
FabriziaToselli,Fabrizia,Toselli,3512837326
FortunataCutuli,Fortunata,Cutuli,3384240055
JacopoQuerini,Jacopo,Querini,3510173870
NeddaTozzi,Nedda,Tozzi,3713349754
BiancaMonti,Bianca,Monti,3228165483
MarianaFagotto,Mariana,Fagotto,3793338102
LandoCanil,Lando,Canil,3505362057
TullioValier,Tullio,Valier,3475795792
UmbertoTirabassi,Umberto,Tirabassi,3774298222
LeopoldoOssola,Leopoldo,Ossola,3384951177
FabrizioArgenti,Fabrizio,Argenti,3736625083
CaterinaBonaventura,Caterina,Bonaventura,3783531004
DonatoSobrero,Donato,Sobrero,3391261292
OresteCasellati,Oreste,Casellati,3511350608
VitoDellucci,Vito,Dellucci,3519912874
GastoneVigliotti,Gastone,Vigliotti,3792253549
CamilloCapuana,Camillo,Capuana,3777079686
LaurettaZoppetti,Lauretta,Zoppetti,3732481297
MarissaMortati,Marissa,Mortati,3909606423
LilianaBurcardo,Liliana,Burcardo,3459030804
GiulianoInteriano,Giuliano,Interiano,3477649378
EnnioSolimena,Ennio,Solimena,3792844210
DonnaDonati,Donna,Donati,3738502357
SylviaPergolesi,Sylvia,Pergolesi,3533371364
ToniaGottardi,Tonia,Gottardi,3883551721
VanessaFabbri,Vanessa,Fabbri,3501486692
LivioTozzo,Livio,Tozzo,3774580701
LambertoGasperi,Lamberto,Gasperi,3637008488
SilviaMontalcini,Silvia,Montalcini,3688418210
VirgilioPiazzi,Virgilio,Piazzi,3481647420
GilbertoFarina,Gilberto,Farina,3926700506
FulvioFerragni,Fulvio,Ferragni,3412825109
DamianoCeravolo,Damiano,Ceravolo,3792032359
AriaBianchi,Aria,Bianchi,3514245078
AlessiaCollodi,Alessia,Collodi,3716746253
PaulinaOlivetti,Paulina,Olivetti,3701967560
CamillaBurcardo,Camilla,Burcardo,3662180254
LiciaTrapanese,Licia,Trapanese,3701534009
ConcettaGalilei,Concetta,Galilei,3760267716
RosaliaLanfranchi,Rosalia,Lanfranchi,3773950140
ElladioSalvini,Elladio,Salvini,3899204805
ToninoPaoletti,Tonino,Paoletti,3201432789
LeonardoTaliercio,Leonardo,Taliercio,3975287541
GloriaPareto,Gloria,Pareto,3930797455
LuiginaGiannone,Luigina,Giannone,3518163778
MarianoDesio,Mariano,Desio,3304056063
GustavoVersace,Gustavo,Versace,3739106581
MarioStaglieno,Mario,Staglieno,3780294829
NicolaBoccioni,Nicola,Boccioni,3800353779
BrunoChiappetta,Bruno,Chiappetta,3806545488
MassimoCrisafulli,Massimo,Crisafulli,3793848402
LauraCuda,Laura,Cuda,3801089989
BarbaraValguarnera,Barbara,Valguarnera,3777806071
IdaForza,Ida,Forza,3778341199
AdrianoRegge,Adriano,Regge,3420432297
RenzoPacetti,Renzo,Pacetti,3912536808
IsaMozart,Isa,Mozart,3855424474
BartolomeoMonti,Bartolomeo,Monti,3777443199
AmadeoNordio,Amadeo,Nordio,3617055293
FernandaMalenchini,Fernanda,Malenchini,3247780536
ArsenioOrlando,Arsenio,Orlando,3510771358
AntonellaBragaglia,Antonella,Bragaglia,3520931254
MercedesVillarosa,Mercedes,Villarosa,3610695419
RosaliaVidoni,Rosalia,Vidoni,3607748895
SantinoFoscari,Santino,Foscari,3791602225
SalvatoreCamanni,Salvatore,Camanni,3778780511
NiccolòZamorani,Niccolò,Zamorani,3713644518
GianluigiVespucci,Gianluigi,Vespucci,3703661585
FabriziaPavarotti,Fabrizia,Pavarotti,3774338212
GriseldaCesaroni,Griselda,Cesaroni,3756623396
RomoloAporti,Romolo,Aporti,3475396323
GaetanoPace,Gaetano,Pace,3505203158
RomanCamanni,Roman,Camanni,3311648200
RominaPezzali,Romina,Pezzali,3516716179
ArnulfoDuse,Arnulfo,Duse,3514987389
SeverinoDonà,Severino,Donà,3822654369
LorenzoBarsanti,Lorenzo,Barsanti,3337544549
NataliaLudovisi,Natalia,Ludovisi,3273500349
TorquatoCassarà,Torquato,Cassarà,3851190615
CirilloFalloppio,Cirillo,Falloppio,3760569731
AgnoloBarillaro,Agnolo,Barillaro,3755920131
EvaContrafatto,Eva,Contrafatto,3625274012
BeatriceMalipiero,Beatrice,Malipiero,3883861463
AdelmoSagese,Adelmo,Sagese,3380035798
GemmaTrentini,Gemma,Trentini,3895562476
BenitoRossetti,Benito,Rossetti,3701863557
OrazioIacobucci,Orazio,Iacobucci,3664170666
DantePizzo,Dante,Pizzo,3311208440
GuglielmoFlaiano,Guglielmo,Flaiano,3418534998
GiadaSurian,Giada,Surian,3390068992
StefanoCendron,Stefano,Cendron,3394330287
UgolinoFilzi,Ugolino,Filzi,3415546117
ManuelOscuro,Manuel,Oscuro,3756021689
PierluigiSalieri,Pierluigi,Salieri,3232962003
LuigiGregori,Luigi,Gregori,3301107849
CesareBabati,Cesare,Babati,3755042098
FedeleArgan,Fedele,Argan,3304625412
LoredanaFerrazzi,Loredana,Ferrazzi,3757151210
AmedeoPelli,Amedeo,Pelli,3520190170
LorenzoGabbana,Lorenzo,Gabbana,3510711755
RaffaellinoPavone,Raffaellino,Pavone,3780914982
AlderanoLuria,Alderano,Luria,3917278625
IvanBriccialdi,Ivan,Briccialdi,3760992710
DonatelloLiverotti,Donatello,Liverotti,3621497531
GelsominaAnguillara,Gelsomina,Anguillara,3710344260
BiancaMazzeo,Bianca,Mazzeo,3933210486
AlfredoAjello,Alfredo,Ajello,3400804807
IrmaVercelloni,Irma,Vercelloni,3202120784
ToniaChechi,Tonia,Chechi,3800886801
RaffaelloGiammusso,Raffaello,Giammusso,3534191820
LuchinoTresoldi,Luchino,Tresoldi,3394539273
GianFerragni,Gian,Ferragni,3714197325
LetiziaGiacconi,Letizia,Giacconi,3779740455
LandoPetrassi,Lando,Petrassi,3882291183
LorettaRoero,Loretta,Roero,3889232789
AzeglioPacomio,Azeglio,Pacomio,3855602893
RomanSoprano,Roman,Soprano,3890149705
LinaAntonetti,Lina,Antonetti,3827377568
LillaFerragamo,Lilla,Ferragamo,3515691540
NapoleoneGaribaldi,Napoleone,Garibaldi,3756966035
SanteTurci,Sante,Turci,3777936328
GiancarloVidoni,Giancarlo,Vidoni,3518669703
GelsominaCabibbo,Gelsomina,Cabibbo,3772309166
AmletoTrotta,Amleto,Trotta,3500199935
AngelicaZeffirelli,Angelica,Zeffirelli,3473765852
CarolinaGuglielmi,Carolina,Guglielmi,3334033993
FedericaPergolesi,Federica,Pergolesi,3307097200
GaspareScotti,Gaspare,Scotti,3773664987
AngelinaFilippelli,Angelina,Filippelli,3634995491
EmmaNecci,Emma,Necci,3518876135
RobertaMonte,Roberta,Monte,3772758337
PaoloFerrazzi,Paolo,Ferrazzi,3509907947
CirilloRaimondi,Cirillo,Raimondi,3703275621
MassimilianoZanzi,Massimiliano,Zanzi,3760492950
MircoTrentini,Mirco,Trentini,3505883609
PiermariaSpadafora,Piermaria,Spadafora,3500658339
StellaNosiglia,Stella,Nosiglia,3701274634
PieroSansoni,Piero,Sansoni,3511267139
EnnioSantoro,Ennio,Santoro,3780813786
DelfinoMalacarne,Delfino,Malacarne,3467773920
GianPizziol,Gian,Pizziol,3511163800
OsvaldoGabbana,Osvaldo,Gabbana,3466911760
LidiaSandi,Lidia,Sandi,3774045700
AnsaldoMuratori,Ansaldo,Muratori,3736786443
CarolinaBranciforte,Carolina,Branciforte,3770553384
BenvenutoGotti,Benvenuto,Gotti,3518014636
PierOrengo,Pier,Orengo,3512683609
AzeglioMusatti,Azeglio,Musatti,3517864478
LivioGuidone,Livio,Guidone,3778108318
LandoToldo,Lando,Toldo,3829319703
AntoninaLucchesi,Antonina,Lucchesi,3280964728
RolandoPraga,Rolando,Praga,3307512479
CalcedonioGiannetti,Calcedonio,Giannetti,3777929708
RosaliaSchiavo,Rosalia,Schiavo,3378436155
CorradoVanvitelli,Corrado,Vanvitelli,3512217942
UbertoTaccola,Uberto,Taccola,3231056870
MarcelloMorandini,Marcello,Morandini,3296471982
AtenulfVittadello,Atenulf,Vittadello,3367902229
GiuliettaMalatesta,Giulietta,Malatesta,3346795719
GioachinoTurchi,Gioachino,Turchi,3770447408
MarcoVolterra,Marco,Volterra,3357483218
SylviaAngiolello,Sylvia,Angiolello,3356860407
LucioDesio,Lucio,Desio,3500894271
FredoCorrer,Fredo,Correr,3481502100
PieroFicino,Piero,Ficino,3783126683
VirginiaQuerini,Virginia,Querini,3772544062
LucreziaGianetti,Lucrezia,Gianetti,3881477378
TullioBernetti,Tullio,Bernetti,3925402713
VincenzaBixio,Vincenza,Bixio,3885670556
ArnaldoChechi,Arnaldo,Chechi,3816853177
GianniGianetti,Gianni,Gianetti,3421836608
NadiaTorlonia,Nadia,Torlonia,3360506772
OrnellaCampano,Ornella,Campano,3520012395
JolandaFilippelli,Jolanda,Filippelli,3909238838
MaurizioStorladi,Maurizio,Storladi,3855937514
IppazioTron,Ippazio,Tron,3534010629
LisaBotta,Lisa,Botta,3809059934
PanfiloOscuro,Panfilo,Oscuro,3778266283
MartinoMonti,Martino,Monti,3737154119
UbertoMusatti,Uberto,Musatti,3805292782
ErmenegildoTravaglio,Ermenegildo,Travaglio,3448855696
GrazianoCondoleo,Graziano,Condoleo,3911245524
GiuliettaCherubini,Giulietta,Cherubini,3427283336
ValentinaArgan,Valentina,Argan,3826759140
NicoCasarin,Nico,Casarin,3610348516
FederigoBandello,Federigo,Bandello,3489217083
GuarinoGreggio,Guarino,Greggio,3774466457
AnnettaGuglielmi,Annetta,Guglielmi,3388372715
AugustoCimarosa,Augusto,Cimarosa,3208844525
ElisaScandone,Elisa,Scandone,3629935998
BenitoParisi,Benito,Parisi,3494290908
LucreziaGuarana,Lucrezia,Guarana,3903962771
BiagioGuglielmi,Biagio,Guglielmi,3519563836
DarioModiano,Dario,Modiano,3201324715
MariaUghi,Maria,Ughi,3755436115
LeopoldoStaglieno,Leopoldo,Staglieno,3774339795
LambertoBorgia,Lamberto,Borgia,3500374658
PellegrinoFinzi,Pellegrino,Finzi,3639847263
PaulinaCortese,Paulina,Cortese,3624761861
ToniMorucci,Toni,Morucci,3223968713
DanteComboni,Dante,Comboni,3714474557
AdrianoFarina,Adriano,Farina,3505904952
GiampieroGremese,Giampiero,Gremese,3518496488
DurantePeranda,Durante,Peranda,3858918246
FilippoMercadante,Filippo,Mercadante,3345207877
StefaniFinotto,Stefani,Finotto,3247815299
CarloSaffi,Carlo,Saffi,3519428855
BaccioMarrone,Baccio,Marrone,3496269445
RominaCasini,Romina,Casini,3201848640
DonatelloLegnante,Donatello,Legnante,3500499542
RoccoLombardo,Rocco,Lombardo,3500229033
IdaParini,Ida,Parini,3453729665
ArturoCatalano,Arturo,Catalano,3534424200
IvoCarli,Ivo,Carli,3520719611
AldoAntonacci,Aldo,Antonacci,3778305740
AnnibaleBova,Annibale,Bova,3791020967
RonaldoBignami,Ronaldo,Bignami,3472130842
ManuelVenturi,Manuel,Venturi,3688683847
LambertoLudovisi,Lamberto,Ludovisi,3886298125
AntoniaLigorio,Antonia,Ligorio,3520709480
GastonePizzetti,Gastone,Pizzetti,3772746272
VeronicaCorcos,Veronica,Corcos,3783206719
AnnamariaLollobrigida,Annamaria,Lollobrigida,3791657947
AlessandraBorghese,Alessandra,Borghese,3277939457
AlessiaLeblanc,Alessia,Leblanc,3760893269
ElladioGiulietti,Elladio,Giulietti,3711380716
PinaParpinel,Pina,Parpinel,3513201436
ChiaraBarese,Chiara,Barese,3777514571
SalvatoreMartucci,Salvatore,Martucci,3979339287
GrecaBaroffio,Greca,Baroffio,3342131135
ParideCiani,Paride,Ciani,3493507965
PompeoCivaschi,Pompeo,Civaschi,3774793839
SabatinoGinesio,Sabatino,Ginesio,3501483568
FedeleZecchini,Fedele,Zecchini,3209383861
LudovicaVespucci,Ludovica,Vespucci,3779036831
NanniSauro,Nanni,Sauro,3312333615
MichelettoNecci,Micheletto,Necci,3333896808
DanteMedici,Dante,Medici,3313541986
MarcantonioScarfoglio,Marcantonio,Scarfoglio,3818255890
GuidoPlatini,Guido,Platini,3774556560
CamilloCasalodi,Camillo,Casalodi,3401627165
ElianaBalotelli,Eliana,Balotelli,3446948848
ZairaGarobbio,Zaira,Garobbio,3972709319
ImeldaBoitani,Imelda,Boitani,3703871468
MartinaSraffa,Martina,Sraffa,3311761694
FiorenzoRocca,Fiorenzo,Rocca,3311154569
IrmaGritti,Irma,Gritti,3773978034
LoredanaBoitani,Loredana,Boitani,3935627557
MauroLombroso,Mauro,Lombroso,3514283243
SaverioCasarin,Saverio,Casarin,3755881905
MarcellaTassoni,Marcella,Tassoni,3713786889
EdoardoNosiglia,Edoardo,Nosiglia,3520629279
AnitaGabba,Anita,Gabba,3505859863
SantinoSibilia,Santino,Sibilia,3715998609
LauraCorcos,Laura,Corcos,3772337814
VictoriaMalipiero,Victoria,Malipiero,3365614305
CorradoSpanevello,Corrado,Spanevello,3792902982
GiacomoPaolucci,Giacomo,Paolucci,3406784491
RaffaeleGuinizzelli,Raffaele,Guinizzelli,3804870229
StellaBonanno,Stella,Bonanno,3792789881
GriseldaPiacentini,Griselda,Piacentini,3756453423
TeresaMercantini,Teresa,Mercantini,3515394721
AnnalisaCastiglione,Annalisa,Castiglione,3291227780
GemmaTosi,Gemma,Tosi,3489728806
HugoBarsanti,Hugo,Barsanti,3234541252
IvoTrussardi,Ivo,Trussardi,3555214688
EleanoraSchiavone,Eleanora,Schiavone,3439023335
SergiusGuicciardini,Sergius,Guicciardini,3511841857
MartaGoldstein,Marta,Goldstein,3703223015
GianfrancoFanucci,Gianfranco,Fanucci,3910454786
JolandaAndreozzi,Jolanda,Andreozzi,3774127586
CesareMaspero,Cesare,Maspero,3780974443
VincenzaCorcos,Vincenza,Corcos,3465202715
GianpietroCanova,Gianpietro,Canova,3209551760
RitaTrentin,Rita,Trentin,3666506258
NapoleoneDetti,Napoleone,Detti,3703955926
RicciottiGreggio,Ricciotti,Greggio,3780503655
PompeoMusatti,Pompeo,Musatti,3823600322
MarcellaTrentini,Marcella,Trentini,3311627628
EugeniaCadorna,Eugenia,Cadorna,3772053179
AmadeoLupo,Amadeo,Lupo,3550946908
FrancoPugliese,Franco,Pugliese,3346327502
CarmeloCuriel,Carmelo,Curiel,3791942683
OrestePersico,Oreste,Persico,3505193212
LivioMalipiero,Livio,Malipiero,3505173328
CeciliaTrapani,Cecilia,Trapani,3714821932
PiergiorgioComencini,Piergiorgio,Comencini,3244389794
FlaviaSalgari,Flavia,Salgari,3417061462
AnnibaleToselli,Annibale,Toselli,3399052055
GiannaTreccani,Gianna,Treccani,3505791599
RossanaMalatesta,Rossana,Malatesta,3811171116
SoniaEmanuelli,Sonia,Emanuelli,3475251781
GraziellaBoitani,Graziella,Boitani,3396285984
LiciaPalazzo,Licia,Palazzo,3772884106
ToninoDraghi,Tonino,Draghi,3513599775
AuroraCasini,Aurora,Casini,3701995648
MarcellaTogliatti,Marcella,Togliatti,3633420270
ErmenegildoMarangoni,Ermenegildo,Marangoni,3505477652
DonatelloBerrè,Donatello,Berrè,3685187183
FabrizioProdi,Fabrizio,Prodi,3505098372
GelsominaCasellati,Gelsomina,Casellati,3757246925
AlessiaGiannetti,Alessia,Giannetti,3793962300
GrazianoVespa,Graziano,Vespa,3624312512
FernandaOrengo,Fernanda,Orengo,3489545239
PaulinaRismondo,Paulina,Rismondo,3774125065
ArsenioAriosto,Arsenio,Ariosto,3249247700
AdelmoBeffa,Adelmo,Beffa,3668005723
PalomaZecchini,Paloma,Zecchini,3416265063
LuciaSanudo,Lucia,Sanudo,3715981584
RonaldoTogliatti,Ronaldo,Togliatti,3605726278
GrazianoTagliafierro,Graziano,Tagliafierro,3415443558
GaspareValier,Gaspare,Valier,3399911573
LeoneBellucci,Leone,Bellucci,3516673015
DelfinoRosiello,Delfino,Rosiello,3792384220
BenedettoBandello,Benedetto,Bandello,3738274418
NadiaRamazzotti,Nadia,Ramazzotti,3510703546
ArnulfoBonolis,Arnulfo,Bonolis,3512720680
RosaIoppi,Rosa,Ioppi,3615046771
AntoninaCollodi,Antonina,Collodi,3903009525
AnnamariaDesio,Annamaria,Desio,3360993964
LandoMissoni,Lando,Missoni,3701498253
IsabellaScotti,Isabella,Scotti,3760598102
MauroSobrero,Mauro,Sobrero,3430504438
AzeglioGualtieri,Azeglio,Gualtieri,3509773875
HugoVerri,Hugo,Verri,3534313900
SoniaCasalodi,Sonia,Casalodi,3606812411
GuarinoFalier,Guarino,Falier,3482405588
GriseldaEndrizzi,Griselda,Endrizzi,3757447189
RobertaZacchia,Roberta,Zacchia,3777455223
MarinaBalbi,Marina,Balbi,3909331423
AnnalisaPiazzi,Annalisa,Piazzi,3734496778
StefanoSchicchi,Stefano,Schicchi,3710098970
EnzoPiccinni,Enzo,Piccinni,3770824086
GiuseppeLiguori,Giuseppe,Liguori,3480687894
BarbaraPerini,Barbara,Perini,3505599848
RenataGrisoni,Renata,Grisoni,3501759100
SilviaMonteverdi,Silvia,Monteverdi,3910886626
CamilloFilippini,Camillo,Filippini,3713370078
AnsaldoEsposito,Ansaldo,Esposito,3756930948
EvaMarsili,Eva,Marsili,3517721725
DarioFerrucci,Dario,Ferrucci,3711370563
LianaMorellato,Liana,Morellato,3533827120
NicolaVittadello,Nicola,Vittadello,3791115967
AlphonsCortese,Alphons,Cortese,3713808837
OttavioVento,Ottavio,Vento,3714504419
FortunataTorlonia,Fortunata,Torlonia,3791997875
LianaSavorgnan,Liana,Savorgnan,3519803045
LuiginaMarzorati,Luigina,Marzorati,3783429780
RosaliaCalvo,Rosalia,Calvo,3364543015
RosaliaMarcacci,Rosalia,Marcacci,3791957752
TorquatoAndreotti,Torquato,Andreotti,3485008994
EvangelistaPincherle,Evangelista,Pincherle,3533385867
IgnazioRuffini,Ignazio,Ruffini,3222521619
EzioParmitano,Ezio,Parmitano,3501601840
LianaQuerini,Liana,Querini,3311274543
GianfrancescoGiannini,Gianfrancesco,Giannini,3501955238
MarioGiannetti,Mario,Giannetti,3713969578
CalogeroSgalambro,Calogero,Sgalambro,3978115672
GiampaoloRizzoli,Giampaolo,Rizzoli,3710112546
ErikaLuria,Erika,Luria,3604539807
OlgaNitto,Olga,Nitto,3517509185
TeresaFuseli,Teresa,Fuseli,3736592744
GastoneBonolis,Gastone,Bonolis,3478194807
VincentioCuratoli,Vincentio,Curatoli,3972364603
MichelettoFinzi,Micheletto,Finzi,3367029997
CalcedonioGianetti,Calcedonio,Gianetti,3922275620
IvanDulbecco,Ivan,Dulbecco,3501606184
FortunataMattarella,Fortunata,Mattarella,3514719601
AlfredoModiano,Alfredo,Modiano,3514472925
CleliaFarinelli,Clelia,Farinelli,3388286531
GiuliaTanzini,Giulia,Tanzini,3813052709
RolandoTirabassi,Rolando,Tirabassi,3475258557
LivioBaggio,Livio,Baggio,3817316561
GiampieroZabarella,Giampiero,Zabarella,3285400528
BrunoCarli,Bruno,Carli,3372883226
FedeleRoth,Fedele,Roth,3492478793
FlavioTamburello,Flavio,Tamburello,3378092448
EdoardoCallegaro,Edoardo,Callegaro,3373384732
ArnaldoPace,Arnaldo,Pace,3736229191
EmilioTosto,Emilio,Tosto,3418728074
TinaMantegazza,Tina,Mantegazza,3716168623
NanniPiazzi,Nanni,Piazzi,3336742544
GustavoBosio,Gustavo,Bosio,3710067113
LuchinoBoccaccio,Luchino,Boccaccio,3293695955
DanteVezzali,Dante,Vezzali,3634786711
GuarinoFerragamo,Guarino,Ferragamo,3852391257
AdrianaTrincavelli,Adriana,Trincavelli,3755943611
PatriziaRicolfi,Patrizia,Ricolfi,3513454145
AdrianoBosio,Adriano,Bosio,3828432634
AzeglioZanzi,Azeglio,Zanzi,3939952128
VittoriaLerner,Vittoria,Lerner,3402943525
LazzaroRosmini,Lazzaro,Rosmini,3629547065
FabrizioMalenchini,Fabrizio,Malenchini,3248507722
GianpietroVendetti,Gianpietro,Vendetti,3713208927
VincenzoZacco,Vincenzo,Zacco,3904775198
EugeniaIacovelli,Eugenia,Iacovelli,3512510536
LiviaTafuri,Livia,Tafuri,3510244400
SeverinoDuse,Severino,Duse,3311090974
BeppeCorbo,Beppe,Corbo,3303705369
LisaMarazzi,Lisa,Marazzi,3286658957
DaniloSismondi,Danilo,Sismondi,3360743849
LetiziaGangemi,Letizia,Gangemi,3783925755
MichelettoBelletini,Micheletto,Belletini,3385763781
AntonelloScalfaro,Antonello,Scalfaro,3510594211
SaverioMalenchini,Saverio,Malenchini,3365278081
LucianaSauli,Luciana,Sauli,3288764520
MarcellaCarocci,Marcella,Carocci,3311845971
AnnettaMolesini,Annetta,Molesini,3756601594
BaccioBajamonti,Baccio,Bajamonti,3918674986
EvaRicci,Eva,Ricci,3533927138
CirilloMartucci,Cirillo,Martucci,3511170269
PierinaVenturi,Pierina,Venturi,3756462516
IolandaRismondo,Iolanda,Rismondo,3483164654
GeronimoCondoleo,Geronimo,Condoleo,3520376528
GabriellaModigliani,Gabriella,Modigliani,3770101921
FlavioFerragamo,Flavio,Ferragamo,3534553510
TatianaFantini,Tatiana,Fantini,3279721246
PierluigiBorsiere,Pierluigi,Borsiere,3433804879
GioachinoLussu,Gioachino,Lussu,3534492426
CirilloBadoglio,Cirillo,Badoglio,3277669002
ViridianaOmma,Viridiana,Omma,3236102733
CoriolanoPedersoli,Coriolano,Pedersoli,3387674757
MattiaGarobbio,Mattia,Garobbio,3238712269
PaoloParisi,Paolo,Parisi,3311415018
DaniloToldo,Danilo,Toldo,3500177712
MircoSabbatini,Mirco,Sabbatini,3407725581
MarinaFoletti,Marina,Foletti,3812176780
GiampieroBattelli,Giampiero,Battelli,3931941795
SoleDoria,Sole,Doria,3477375368
LudovicaGarzoni,Ludovica,Garzoni,3458539365
GrecoMaggioli,Greco,Maggioli,3221536550
MichelottoLeopardi,Michelotto,Leopardi,3512567240
GiorgiaMercalli,Giorgia,Mercalli,3513956646
GiorgiaGottardi,Giorgia,Gottardi,3918056059
GioffreMortati,Gioffre,Mortati,3511198618
VincentioAntonello,Vincentio,Antonello,3505649239
ArturoMarinetti,Arturo,Marinetti,3509630174
ColuccioPlatini,Coluccio,Platini,3533748232
RaffaellaBasso,Raffaella,Basso,3889750851
AlfioSabbatini,Alfio,Sabbatini,3710408395
MartaSagredo,Marta,Sagredo,3430074045
PatriziaBerlusconi,Patrizia,Berlusconi,3755798867
MarianoAmmaniti,Mariano,Ammaniti,3736790081
LodovicoSagredo,Lodovico,Sagredo,3606186086
AgnoloMalaparte,Agnolo,Malaparte,3627937312
SandroRoccabonella,Sandro,Roccabonella,3774010081
PellegrinoZamorani,Pellegrino,Zamorani,3303751772
ElviraCassarà,Elvira,Cassarà,3497901842
ValerioGeraci,Valerio,Geraci,3922275416
PiergiuseppeChinnici,Piergiuseppe,Chinnici,3379256399
PatriziaBondumier,Patrizia,Bondumier,3332072298
ArmandoModigliani,Armando,Modigliani,3802367797
CleliaCasagrande,Clelia,Casagrande,3773814927
PriscillaTerragni,Priscilla,Terragni,3683766533
PatrizioGeraci,Patrizio,Geraci,3519152550
GiulianoMontalcini,Giuliano,Montalcini,3520183192
EmmaLeonardi,Emma,Leonardi,3757403279
HugoLetta,Hugo,Letta,3235635976
GiancarloPepe,Giancarlo,Pepe,3828365570
CaterinaLuria,Caterina,Luria,3617734118
LudovicoMascheroni,Ludovico,Mascheroni,3832902928
AntoninoIadanza,Antonino,Iadanza,3711198793
GoffredoGiacconi,Goffredo,Giacconi,3246596716
MassimilianoGiacometti,Massimiliano,Giacometti,3520030713
SilvioLucarelli,Silvio,Lucarelli,3716537575
SimoneArgurio,Simone,Argurio,3826633236
AuroraNovaro,Aurora,Novaro,3302626661
AntoninoPacetti,Antonino,Pacetti,3715974031
GianpietroNiggli,Gianpietro,Niggli,3515723720
CalogeroPiazzi,Calogero,Piazzi,3424922204
MarianaPignatti,Mariana,Pignatti,3351008918
EmmaCuda,Emma,Cuda,3298433163
CalogeroBabato,Calogero,Babato,3505145247
MichelaRiccardi,Michela,Riccardi,3770763956
FlaviaGabba,Flavia,Gabba,3379589402
ElladioCignaroli,Elladio,Cignaroli,3515284591
FredoPisaroni,Fredo,Pisaroni,3487171044
FabiaCutuli,Fabia,Cutuli,3793086311
PiersantiCallegaro,Piersanti,Callegaro,3314245084
JolandaMazzini,Jolanda,Mazzini,3924549929
RiccardoSemitecolo,Riccardo,Semitecolo,3913251733
AtenulfLucchesi,Atenulf,Lucchesi,3852595551
CiroGabba,Ciro,Gabba,3509672210
MauraChittolini,Maura,Chittolini,3518360734
AntoninaCombi,Antonina,Combi,3791594391
MarissaRoth,Marissa,Roth,3374559242
ImeldaBajardi,Imelda,Bajardi,3793627961
FilippaGuarneri,Filippa,Guarneri,3903307060
GiuliaTognazzi,Giulia,Tognazzi,3242408357
PierluigiGadda,Pierluigi,Gadda,3336751428
AnnettaRusso,Annetta,Russo,3774268456
CassandraMarini,Cassandra,Marini,3666457294
AmaliaMicca,Amalia,Micca,3318166135
AmadeoChinnici,Amadeo,Chinnici,3792177074
NicolòSerao,Nicolò,Serao,3713894336
ArnaldoVerga,Arnaldo,Verga,3701984666
LaurettaCampano,Lauretta,Campano,3513080274
AlbertoDuodo,Alberto,Duodo,3760489031
GuglielmoCastioni,Guglielmo,Castioni,3716488385
AdrianoFerragni,Adriano,Ferragni,3918247820
ElianaMannoia,Eliana,Mannoia,3516258476
RuggeroTrentini,Ruggero,Trentini,3618045231
BaldassareCimarosa,Baldassare,Cimarosa,3756027749
LuchinoCorrer,Luchino,Correr,3731419510
AngelicaLuria,Angelica,Luria,3520706195
UmbertoRenault,Umberto,Renault,3855000166
AdamoMichelangeli,Adamo,Michelangeli,3533270638
AdrianaVenier,Adriana,Venier,3815508790
CarloPeruzzi,Carlo,Peruzzi,3361230905
FrancescoCamicione,Francesco,Camicione,3608868877
GaspareTresoldi,Gaspare,Tresoldi,3428964059
GianpietroMunari,Gianpietro,Munari,3512142794
GiuliaRastelli,Giulia,Rastelli,3500066230
FabioCasale,Fabio,Casale,3519601612
CesareBelletini,Cesare,Belletini,3826415738
AldoMagrassi,Aldo,Magrassi,3344364444
LudovicoCorbo,Ludovico,Corbo,3520730271
MonicaFantini,Monica,Fantini,3206593906
ViridianaValier,Viridiana,Valier,3500391167
AntoniettaMonicelli,Antonietta,Monicelli,3770635361
ImeldaVerdi,Imelda,Verdi,3505135325
MaurilioAsmundo,Maurilio,Asmundo,3774501422
RosaliaCagnin,Rosalia,Cagnin,3777120536
AuroraPistoletto,Aurora,Pistoletto,3313564074
AmandaNapolitano,Amanda,Napolitano,3780365428
VittoriaSermonti,Vittoria,Sermonti,3735319397
LetiziaGigli,Letizia,Gigli,3779976989
MarianoPisano,Mariano,Pisano,3667680268
SandraParpinel,Sandra,Parpinel,3780788622
DaniloTamburini,Danilo,Tamburini,3533280269
NataliaEco,Natalia,Eco,3701178711
PuccioMorabito,Puccio,Morabito,3511687358
GaspareMigliaccio,Gaspare,Migliaccio,3339907603
GastoneCanali,Gastone,Canali,3757812939
AnnunziataBoiardo,Annunziata,Boiardo,3703718151
GiuliaLiverotti,Giulia,Liverotti,3500729955
PaolettaBalbi,Paoletta,Balbi,3755625324
CeciliaOmma,Cecilia,Omma,3715492942
LazzaroPisani,Lazzaro,Pisani,3715127362
AdeleGaluppi,Adele,Galuppi,3229058858
SylviaAlfonsi,Sylvia,Alfonsi,3510937904
BiancaSbarbaro,Bianca,Sbarbaro,3901877072
PiergiorgioNiscoromni,Piergiorgio,Niscoromni,3780593036
DariaCundari,Daria,Cundari,3760294205
TullioTaliani,Tullio,Taliani,3760509236
GirolamoBattisti,Girolamo,Battisti,3534702203
FedericoCristoforetti,Federico,Cristoforetti,3899266183
ToniSpallanzani,Toni,Spallanzani,3391915886
GiorgioBorsiere,Giorgio,Borsiere,3970117174
BereniceFalier,Berenice,Falier,3420700674
GiuseppinaRapisardi,Giuseppina,Rapisardi,3757602960
TemistocleScalera,Temistocle,Scalera,3713268590
BenedettoBorsiere,Benedetto,Borsiere,3276640712
ArnaldoBocelli,Arnaldo,Bocelli,3426325549
ElmoPacillo,Elmo,Pacillo,3793470489
FernandaGargallo,Fernanda,Gargallo,3276993580
EnnioBoito,Ennio,Boito,3714488548
EmmaSaffi,Emma,Saffi,3885897503
JolandaLiguori,Jolanda,Liguori,3516909237
IvoProcacci,Ivo,Procacci,3428006164
GiacobbeChinnici,Giacobbe,Chinnici,3416241005
FedelePareto,Fedele,Pareto,3517077106
RolandoMogherini,Rolando,Mogherini,3827626797
AntonioCasaleggio,Antonio,Casaleggio,3223789409
LauraFattori,Laura,Fattori,3716900301
StefanoVolterra,Stefano,Volterra,3370752401
EmmaCaironi,Emma,Caironi,3417587765
DionigiToldo,Dionigi,Toldo,3311203656
GastoneMarsili,Gastone,Marsili,3554917400
ViridianaVattimo,Viridiana,Vattimo,3883085535
GuidoFermi,Guido,Fermi,3792668962
GiacomoMonti,Giacomo,Monti,3777776687
LazzaroSemitecolo,Lazzaro,Semitecolo,3501927421
GloriaVigliotti,Gloria,Vigliotti,3621810464
LiviaBadoglio,Livia,Badoglio,3780639480
VittoriaGelli,Vittoria,Gelli,3859525941
MauroBotticelli,Mauro,Botticelli,3826760240
FloraMatteotti,Flora,Matteotti,3774204963
BenitoToscanini,Benito,Toscanini,3511359172
DantePometta,Dante,Pometta,3703789494
AntonioRicciardi,Antonio,Ricciardi,3618873142
AlbericoBiagi,Alberico,Biagi,3891751546
CarloPalombi,Carlo,Palombi,3793959750
GianniPezzali,Gianni,Pezzali,3512540951
LiviaMarrone,Livia,Marrone,3783779671
RanieriChiesa,Ranieri,Chiesa,3387966152
RossanaFusani,Rossana,Fusani,3791553060
GastoneAgnesi,Gastone,Agnesi,3757682496
MichelangeloFantoni,Michelangelo,Fantoni,3685818092
FabiaMascagni,Fabia,Mascagni,3510247121
ValerioGargallo,Valerio,Gargallo,3454042520
VincenzaFavata,Vincenza,Favata,3518408774
StefanoNorbiato,Stefano,Norbiato,3817621391
ClaudioOscuro,Claudio,Oscuro,3209048907
SimonettaPellegrini,Simonetta,Pellegrini,3500458761
NapoleoneSermonti,Napoleone,Sermonti,3836573197
AlessioCampanella,Alessio,Campanella,3778308417
LivioColletti,Livio,Colletti,3920801189
FrancoNadi,Franco,Nadi,3289061738
SolePolani,Sole,Polani,3793286136
DaniloGiannini,Danilo,Giannini,3807987001
StellaCaboto,Stella,Caboto,3636867411
NinettaCoardi,Ninetta,Coardi,3809484172
GiulioPaolini,Giulio,Paolini,3755739653
NicolettaSamele,Nicoletta,Samele,3805347939
NicolòSperi,Nicolò,Speri,3516465662
PomponioBazzi,Pomponio,Bazzi,3476232529
AdrianoNievo,Adriano,Nievo,3222448362
PinaPertini,Pina,Pertini,3510380060
AntoniaCaccioppoli,Antonia,Caccioppoli,3434642576
GianfrancescoBarcella,Gianfrancesco,Barcella,3358871377
CarlaNiscoromni,Carla,Niscoromni,3338367113
CarlaGrassi,Carla,Grassi,3235287260
JacopoBaracca,Jacopo,Baracca,3500803339
MarcoCasini,Marco,Casini,3280599164
LorettaTroisi,Loretta,Troisi,3338703270
RobertaRoero,Roberta,Roero,3520756859
FiorenzoLeone,Fiorenzo,Leone,3792288302
